cohort_month,acquisition_channel,tenure_months,cohort_size,active_count,retention_rate
2013-01-01,referral,24,8303,5357,64.52
2013-01-01,paid_social,24,5579,1472,26.38
2013-01-01,organic_search,24,30722,3661,11.92
2013-02-01,referral,23,6259,4629,73.96
2013-02-01,organic_search,23,37340,3842,10.29
2013-02-01,paid_social,23,7599,1614,21.24
2013-02-01,referral,24,6259,4557,72.81
2013-02-01,organic_search,24,37340,3811,10.21
2013-02-01,paid_social,24,7599,1611,21.20
2013-03-01,organic_search,22,27577,2835,10.28
2013-03-01,paid_social,22,5373,1335,24.85
2013-03-01,referral,22,5377,3888,72.31
2013-03-01,referral,23,5377,3827,71.17
2013-03-01,paid_social,23,5373,1291,24.03
2013-03-01,organic_search,23,27577,2806,10.18
2013-03-01,paid_social,24,5373,1503,27.97
2013-03-01,referral,24,5377,3328,61.89
2013-03-01,organic_search,24,27577,3010,10.91
2013-04-01,paid_social,21,4148,1005,24.23
2013-04-01,organic_search,21,20001,1970,9.85
2013-04-01,referral,21,4715,3361,71.28
2013-04-01,referral,22,4715,3327,70.56
2013-04-01,paid_social,22,4148,974,23.48
2013-04-01,organic_search,22,20001,1918,9.59
2013-04-01,referral,23,4715,3290,69.78
2013-04-01,paid_social,23,4148,1097,26.45
2013-04-01,organic_search,23,20001,2108,10.54
2013-04-01,organic_search,24,20001,1980,9.90
2013-04-01,paid_social,24,4148,986,23.77
2013-04-01,referral,24,4715,3225,68.40
2013-05-01,organic_search,20,19391,2129,10.98
2013-05-01,referral,20,10673,5693,53.34
2013-05-01,paid_social,20,4556,1134,24.89
2013-05-01,paid_social,21,4556,1105,24.25
2013-05-01,organic_search,21,19391,2101,10.83
2013-05-01,referral,21,10673,5639,52.83
2013-05-01,paid_social,22,4556,1201,26.36
2013-05-01,organic_search,22,19391,2240,11.55
2013-05-01,referral,22,10673,5628,52.73
2013-05-01,organic_search,23,19391,2072,10.69
2013-05-01,referral,23,10673,5567,52.16
2013-05-01,paid_social,23,4556,1064,23.35
2013-05-01,paid_social,24,4556,1044,22.91
2013-05-01,organic_search,24,19391,2106,10.86
2013-05-01,referral,24,10673,5537,51.88
2013-06-01,paid_social,19,4987,1120,22.46
2013-06-01,organic_search,19,21653,2133,9.85
2013-06-01,referral,19,10213,5335,52.24
2013-06-01,paid_social,20,4987,1088,21.82
2013-06-01,organic_search,20,21653,2150,9.93
2013-06-01,referral,20,10213,5294,51.84
2013-06-01,paid_social,21,4987,1255,25.17
2013-06-01,organic_search,21,21653,2316,10.70
2013-06-01,referral,21,10213,5280,51.70
2013-06-01,paid_social,22,4987,1082,21.70
2013-06-01,organic_search,22,21653,2168,10.01
2013-06-01,referral,22,10213,5222,51.13
2013-06-01,paid_social,23,4987,1059,21.24
2013-06-01,organic_search,23,21653,2177,10.05
2013-06-01,referral,23,10213,5160,50.52
2013-06-01,organic_search,24,21653,3395,15.68
2013-06-01,referral,24,10213,5257,51.47
2013-06-01,paid_social,24,4987,1267,25.41
2013-07-01,referral,18,11597,5486,47.31
2013-07-01,organic_search,18,23835,2120,8.89
2013-07-01,paid_social,18,5369,1233,22.97
2013-07-01,organic_search,19,23835,2146,9.00
2013-07-01,paid_social,19,5369,1197,22.29
2013-07-01,referral,19,11597,5415,46.69
2013-07-01,referral,20,11597,5360,46.22
2013-07-01,organic_search,20,23835,2348,9.85
2013-07-01,paid_social,20,5369,1374,25.59
2013-07-01,organic_search,21,23835,2156,9.05
2013-07-01,paid_social,21,5369,1181,22.00
2013-07-01,referral,21,11597,5289,45.61
2013-07-01,referral,22,11597,5183,44.69
2013-07-01,organic_search,22,23835,2200,9.23
2013-07-01,paid_social,22,5369,1158,21.57
2013-07-01,referral,23,11597,5273,45.47
2013-07-01,paid_social,23,5369,1404,26.15
2013-07-01,organic_search,23,23835,3532,14.82
2013-07-01,paid_social,24,5369,1246,23.21
2013-07-01,organic_search,24,23835,2254,9.46
2013-07-01,referral,24,11597,5353,46.16
2013-08-01,referral,17,12076,5552,45.98
2013-08-01,organic_search,17,27305,2197,8.05
2013-08-01,paid_social,17,5811,1290,22.20
2013-08-01,organic_search,18,27305,2223,8.14
2013-08-01,referral,18,12076,5468,45.28
2013-08-01,paid_social,18,5811,1276,21.96
2013-08-01,referral,19,12076,5426,44.93
2013-08-01,organic_search,19,27305,2451,8.98
2013-08-01,paid_social,19,5811,1398,24.06
2013-08-01,organic_search,20,27305,2343,8.58
2013-08-01,paid_social,20,5811,1289,22.18
2013-08-01,referral,20,12076,5351,44.31
2013-08-01,paid_social,21,5811,1241,21.36
2013-08-01,organic_search,21,27305,2338,8.56
2013-08-01,referral,21,12076,5298,43.87
2013-08-01,paid_social,22,5811,1469,25.28
2013-08-01,organic_search,22,27305,3905,14.30
2013-08-01,referral,22,12076,5361,44.39
2013-08-01,paid_social,23,5811,1299,22.35
2013-08-01,organic_search,23,27305,2380,8.72
2013-08-01,referral,23,12076,5241,43.40
2013-08-01,organic_search,24,27305,2467,9.03
2013-08-01,paid_social,24,5811,1330,22.89
2013-08-01,referral,24,12076,5505,45.59
2013-09-01,referral,16,11744,5548,47.24
2013-09-01,organic_search,16,31927,3020,9.46
2013-09-01,paid_social,16,7022,1590,22.64
2013-09-01,organic_search,17,31927,3015,9.44
2013-09-01,paid_social,17,7022,1552,22.10
2013-09-01,referral,17,11744,5488,46.73
2013-09-01,referral,18,11744,5442,46.34
2013-09-01,paid_social,18,7022,1699,24.20
2013-09-01,organic_search,18,31927,3213,10.06
2013-09-01,referral,19,11744,5361,45.65
2013-09-01,organic_search,19,31927,3019,9.46
2013-09-01,paid_social,19,7022,1557,22.17
2013-09-01,organic_search,20,31927,3075,9.63
2013-09-01,paid_social,20,7022,1618,23.04
2013-09-01,referral,20,11744,5300,45.13
2013-09-01,paid_social,21,7022,1834,26.12
2013-09-01,organic_search,21,31927,4794,15.02
2013-09-01,referral,21,11744,5354,45.59
2013-09-01,organic_search,22,31927,3158,9.89
2013-09-01,paid_social,22,7022,1603,22.83
2013-09-01,referral,22,11744,5174,44.06
2013-09-01,paid_social,23,7022,1619,23.06
2013-09-01,referral,23,11744,5244,44.65
2013-09-01,organic_search,23,31927,3233,10.13
2013-09-01,paid_social,24,7022,1638,23.33
2013-09-01,organic_search,24,31927,3301,10.34
2013-09-01,referral,24,11744,4950,42.15
2013-10-01,referral,15,13476,6651,49.35
2013-10-01,paid_social,15,6821,1597,23.41
2013-10-01,organic_search,15,31538,2676,8.49
2013-10-01,paid_social,16,6821,1520,22.28
2013-10-01,organic_search,16,31538,2632,8.35
2013-10-01,referral,16,13476,6574,48.78
2013-10-01,referral,17,13476,6540,48.53
2013-10-01,organic_search,17,31538,2846,9.02
2013-10-01,paid_social,17,6821,1653,24.23
2013-10-01,referral,18,13476,6457,47.91
2013-10-01,organic_search,18,31538,2642,8.38
2013-10-01,paid_social,18,6821,1497,21.95
2013-10-01,organic_search,19,31538,2655,8.42
2013-10-01,paid_social,19,6821,1501,22.01
2013-10-01,referral,19,13476,6363,47.22
2013-10-01,paid_social,20,6821,1868,27.39
2013-10-01,organic_search,20,31538,4445,14.09
2013-10-01,referral,20,13476,6557,48.66
2013-10-01,organic_search,21,31538,2809,8.91
2013-10-01,referral,21,13476,6233,46.25
2013-10-01,paid_social,21,6821,1567,22.97
2013-10-01,paid_social,22,6821,1560,22.87
2013-10-01,organic_search,22,31538,2854,9.05
2013-10-01,referral,22,13476,6215,46.12
2013-10-01,paid_social,23,6821,1572,23.05
2013-10-01,organic_search,23,31538,2888,9.16
2013-10-01,referral,23,13476,5524,40.99
2013-10-01,organic_search,24,31538,2299,7.29
2013-10-01,referral,24,13476,5945,44.12
2013-10-01,paid_social,24,6821,1267,18.57
2013-11-01,referral,14,16042,6989,43.57
2013-11-01,organic_search,14,23403,2237,9.56
2013-11-01,paid_social,14,5760,1365,23.70
2013-11-01,organic_search,15,23403,2047,8.75
2013-11-01,paid_social,15,5760,1251,21.72
2013-11-01,referral,15,16042,6900,43.01
2013-11-01,referral,16,16042,6900,43.01
2013-11-01,organic_search,16,23403,2229,9.52
2013-11-01,paid_social,16,5760,1383,24.01
2013-11-01,referral,17,16042,6783,42.28
2013-11-01,organic_search,17,23403,2067,8.83
2013-11-01,paid_social,17,5760,1191,20.68
2013-11-01,organic_search,18,23403,2049,8.76
2013-11-01,paid_social,18,5760,1212,21.04
2013-11-01,referral,18,16042,6738,42.00
2013-11-01,referral,19,16042,6988,43.56
2013-11-01,organic_search,19,23403,3459,14.78
2013-11-01,paid_social,19,5760,1459,25.33
2013-11-01,organic_search,20,23403,2178,9.31
2013-11-01,paid_social,20,5760,1331,23.11
2013-11-01,referral,20,16042,6658,41.50
2013-11-01,organic_search,21,23403,2246,9.60
2013-11-01,referral,21,16042,6641,41.40
2013-11-01,paid_social,21,5760,1295,22.48
2013-11-01,organic_search,22,23403,2209,9.44
2013-11-01,paid_social,22,5760,1282,22.26
2013-11-01,referral,22,16042,6078,37.89
2013-11-01,paid_social,23,5760,1053,18.28
2013-11-01,referral,23,16042,6359,39.64
2013-11-01,organic_search,23,23403,1761,7.52
2013-11-01,organic_search,24,23403,2221,9.49
2013-11-01,referral,24,16042,7404,46.15
2013-11-01,paid_social,24,5760,1236,21.46
2013-12-01,referral,13,17824,6763,37.94
2013-12-01,organic_search,13,27211,2382,8.75
2013-12-01,paid_social,13,6308,1575,24.97
2013-12-01,referral,14,17824,6664,37.39
2013-12-01,paid_social,14,6308,1533,24.30
2013-12-01,organic_search,14,27211,2479,9.11
2013-12-01,referral,15,17824,6638,37.24
2013-12-01,paid_social,15,6308,1600,25.36
2013-12-01,organic_search,15,27211,2480,9.11
2013-12-01,referral,16,17824,6543,36.71
2013-12-01,organic_search,16,27211,2304,8.47
2013-12-01,paid_social,16,6308,1381,21.89
2013-12-01,organic_search,17,27211,2313,8.50
2013-12-01,paid_social,17,6308,1364,21.62
2013-12-01,referral,17,17824,6459,36.24
2013-12-01,referral,18,17824,6709,37.64
2013-12-01,organic_search,18,27211,3744,13.76
2013-12-01,paid_social,18,6308,1653,26.20
2013-12-01,paid_social,19,6308,1475,23.38
2013-12-01,organic_search,19,27211,2374,8.72
2013-12-01,referral,19,17824,6455,36.22
2013-12-01,paid_social,20,6308,1500,23.78
2013-12-01,referral,20,17824,6392,35.86
2013-12-01,organic_search,20,27211,2495,9.17
2013-12-01,paid_social,21,6308,1459,23.13
2013-12-01,organic_search,21,27211,2464,9.06
2013-12-01,referral,21,17824,5812,32.61
2013-12-01,referral,22,17824,6003,33.68
2013-12-01,organic_search,22,27211,1997,7.34
2013-12-01,paid_social,22,6308,1190,18.86
2013-12-01,organic_search,23,27211,2431,8.93
2013-12-01,referral,23,17824,6805,38.18
2013-12-01,paid_social,23,6308,1424,22.57
2013-12-01,referral,24,17824,7091,39.78
2013-12-01,organic_search,24,27211,2520,9.26
2013-12-01,paid_social,24,6308,1470,23.30
2014-01-01,referral,12,18215,5478,30.07
2014-01-01,organic_search,12,26548,2022,7.62
2014-01-01,paid_social,12,8162,1632,20.00
2014-01-01,referral,13,18215,5255,28.85
2014-01-01,paid_social,13,8162,1682,20.61
2014-01-01,organic_search,13,26548,2112,7.96
2014-01-01,paid_social,14,8162,1906,23.35
2014-01-01,organic_search,14,26548,2378,8.96
2014-01-01,referral,14,18215,5210,28.60
2014-01-01,organic_search,15,26548,2126,8.01
2014-01-01,referral,15,18215,5155,28.30
2014-01-01,paid_social,15,8162,1572,19.26
2014-01-01,paid_social,16,8162,1534,18.79
2014-01-01,organic_search,16,26548,2053,7.73
2014-01-01,referral,16,18215,5114,28.08
2014-01-01,referral,17,18215,5351,29.38
2014-01-01,organic_search,17,26548,3351,12.62
2014-01-01,paid_social,17,8162,1885,23.09
2014-01-01,paid_social,18,8162,1649,20.20
2014-01-01,organic_search,18,26548,2080,7.83
2014-01-01,referral,18,18215,5094,27.97
2014-01-01,organic_search,19,26548,2138,8.05
2014-01-01,paid_social,19,8162,1640,20.09
2014-01-01,referral,19,18215,5072,27.85
2014-01-01,organic_search,20,26548,2206,8.31
2014-01-01,paid_social,20,8162,1640,20.09
2014-01-01,referral,20,18215,4493,24.67
2014-01-01,paid_social,21,8162,1339,16.41
2014-01-01,referral,21,18215,4514,24.78
2014-01-01,organic_search,21,26548,1852,6.98
2014-01-01,paid_social,22,8162,1591,19.49
2014-01-01,organic_search,22,26548,2200,8.29
2014-01-01,referral,22,18215,5123,28.13
2014-01-01,organic_search,23,26548,2266,8.54
2014-01-01,referral,23,18215,5189,28.49
2014-01-01,paid_social,23,8162,1587,19.44
2014-01-01,referral,24,18215,5875,32.25
2014-01-01,paid_social,24,8162,1485,18.19
2014-01-01,organic_search,24,26548,2091,7.88
2014-02-01,organic_search,11,29643,1505,5.08
2014-02-01,referral,11,18259,4956,27.14
2014-02-01,paid_social,11,12016,1629,13.56
2014-02-01,referral,12,18259,4898,26.83
2014-02-01,organic_search,12,29643,1516,5.11
2014-02-01,paid_social,12,12016,1639,13.64
2014-02-01,referral,13,18259,4734,25.93
2014-02-01,organic_search,13,29643,1747,5.89
2014-02-01,paid_social,13,12016,2031,16.90
2014-02-01,paid_social,14,12016,1793,14.92
2014-02-01,organic_search,14,29643,1750,5.90
2014-02-01,referral,14,18259,4661,25.53
2014-02-01,referral,15,18259,4611,25.25
2014-02-01,organic_search,15,29643,1649,5.56
2014-02-01,paid_social,15,12016,1624,13.52
2014-02-01,organic_search,16,29643,3063,10.33
2014-02-01,paid_social,16,12016,2105,17.52
2014-02-01,referral,16,18259,4890,26.78
2014-02-01,referral,17,18259,4548,24.91
2014-02-01,organic_search,17,29643,1682,5.67
2014-02-01,paid_social,17,12016,1694,14.10
2014-02-01,paid_social,18,12016,1697,14.12
2014-02-01,organic_search,18,29643,1727,5.83
2014-02-01,referral,18,18259,4541,24.87
2014-02-01,paid_social,19,12016,1727,14.37
2014-02-01,referral,19,18259,4335,23.74
2014-02-01,organic_search,19,29643,1725,5.82
2014-02-01,paid_social,20,12016,1434,11.93
2014-02-01,organic_search,20,29643,1478,4.99
2014-02-01,referral,20,18259,4271,23.39
2014-02-01,paid_social,21,12016,1638,13.63
2014-02-01,referral,21,18259,4522,24.77
2014-02-01,organic_search,21,29643,1786,6.03
2014-02-01,paid_social,22,12016,1642,13.67
2014-02-01,organic_search,22,29643,1794,6.05
2014-02-01,referral,22,18259,4568,25.02
2014-02-01,organic_search,23,29643,1686,5.69
2014-02-01,referral,23,18259,4764,26.09
2014-02-01,paid_social,23,12016,1516,12.62
2014-02-01,referral,24,18259,5034,27.57
2014-02-01,paid_social,24,12016,1258,10.47
2014-02-01,organic_search,24,29643,1428,4.82
2014-03-01,paid_social,10,24631,1917,7.78
2014-03-01,organic_search,10,45540,1612,3.54
2014-03-01,referral,10,16801,4851,28.87
2014-03-01,organic_search,11,45540,1628,3.57
2014-03-01,paid_social,11,24631,1874,7.61
2014-03-01,referral,11,16801,4807,28.61
2014-03-01,paid_social,12,24631,2109,8.56
2014-03-01,organic_search,12,45540,1785,3.92
2014-03-01,referral,12,16801,4751,28.28
2014-03-01,referral,13,16801,4610,27.44
2014-03-01,organic_search,13,45540,1764,3.87
2014-03-01,paid_social,13,24631,1999,8.12
2014-03-01,organic_search,14,45540,1924,4.22
2014-03-01,referral,14,16801,4549,27.08
2014-03-01,paid_social,14,24631,2093,8.50
2014-03-01,paid_social,15,24631,2427,9.85
2014-03-01,organic_search,15,45540,3319,7.29
2014-03-01,referral,15,16801,4728,28.14
2014-03-01,referral,16,16801,4470,26.61
2014-03-01,organic_search,16,45540,1809,3.97
2014-03-01,paid_social,16,24631,1983,8.05
2014-03-01,paid_social,17,24631,1968,7.99
2014-03-01,organic_search,17,45540,1792,3.94
2014-03-01,referral,17,16801,4438,26.42
2014-03-01,organic_search,18,45540,1849,4.06
2014-03-01,paid_social,18,24631,1999,8.12
2014-03-01,referral,18,16801,3947,23.49
2014-03-01,paid_social,19,24631,1601,6.50
2014-03-01,organic_search,19,45540,1540,3.38
2014-03-01,referral,19,16801,3938,23.44
2014-03-01,paid_social,20,24631,1989,8.08
2014-03-01,organic_search,20,45540,1872,4.11
2014-03-01,referral,20,16801,4408,26.24
2014-03-01,referral,21,16801,4361,25.96
2014-03-01,paid_social,21,24631,1937,7.86
2014-03-01,organic_search,21,45540,1902,4.18
2014-03-01,paid_social,22,24631,1747,7.09
2014-03-01,organic_search,22,45540,1749,3.84
2014-03-01,referral,22,16801,4437,26.41
2014-03-01,organic_search,23,45540,1505,3.30
2014-03-01,referral,23,16801,4465,26.58
2014-03-01,paid_social,23,24631,1464,5.94
2014-03-01,paid_social,24,24631,1340,5.44
2014-03-01,referral,24,16801,4715,28.06
2014-03-01,organic_search,24,45540,1370,3.01
2014-04-01,organic_search,9,31117,1322,4.25
2014-04-01,referral,9,14895,4334,29.10
2014-04-01,paid_social,9,18264,1659,9.08
2014-04-01,paid_social,10,18264,1612,8.83
2014-04-01,organic_search,10,31117,1295,4.16
2014-04-01,referral,10,14895,4284,28.76
2014-04-01,referral,11,14895,4262,28.61
2014-04-01,organic_search,11,31117,1392,4.47
2014-04-01,paid_social,11,18264,1756,9.61
2014-04-01,paid_social,12,18264,1598,8.75
2014-04-01,organic_search,12,31117,1299,4.17
2014-04-01,referral,12,14895,4186,28.10
2014-04-01,referral,13,14895,4048,27.18
2014-04-01,organic_search,13,31117,1346,4.33
2014-04-01,paid_social,13,18264,1693,9.27
2014-04-01,referral,14,14895,4262,28.61
2014-04-01,organic_search,14,31117,2557,8.22
2014-04-01,paid_social,14,18264,2092,11.45
2014-04-01,organic_search,15,31117,1399,4.50
2014-04-01,paid_social,15,18264,1676,9.18
2014-04-01,referral,15,14895,3961,26.59
2014-04-01,paid_social,16,18264,1642,8.99
2014-04-01,referral,16,14895,3913,26.27
2014-04-01,organic_search,16,31117,1418,4.56
2014-04-01,paid_social,17,18264,1634,8.95
2014-04-01,organic_search,17,31117,1408,4.52
2014-04-01,referral,17,14895,3555,23.87
2014-04-01,referral,18,14895,3561,23.91
2014-04-01,organic_search,18,31117,1185,3.81
2014-04-01,paid_social,18,18264,1295,7.09
2014-04-01,organic_search,19,31117,1431,4.60
2014-04-01,paid_social,19,18264,1600,8.76
2014-04-01,referral,19,14895,3908,26.24
2014-04-01,organic_search,20,31117,1479,4.75
2014-04-01,paid_social,20,18264,1638,8.97
2014-04-01,referral,20,14895,3871,25.99
2014-04-01,paid_social,21,18264,1466,8.03
2014-04-01,organic_search,21,31117,1334,4.29
2014-04-01,referral,21,14895,3952,26.53
2014-04-01,organic_search,22,31117,1157,3.72
2014-04-01,paid_social,22,18264,1158,6.34
2014-04-01,referral,22,14895,3926,26.36
2014-04-01,organic_search,23,31117,1032,3.32
2014-04-01,referral,23,14895,3977,26.70
2014-04-01,paid_social,23,18264,1055,5.78
2014-04-01,paid_social,24,18264,1075,5.89
2014-04-01,organic_search,24,31117,1061,3.41
2014-04-01,referral,24,14895,4008,26.91
2014-05-01,organic_search,8,34962,1303,3.73
2014-05-01,paid_social,8,24436,1806,7.39
2014-05-01,referral,8,16382,4360,26.61
2014-05-01,paid_social,9,24436,1769,7.24
2014-05-01,organic_search,9,34962,1272,3.64
2014-05-01,referral,9,16382,4286,26.16
2014-05-01,paid_social,10,24436,1857,7.60
2014-05-01,organic_search,10,34962,1395,3.99
2014-05-01,referral,10,16382,4252,25.96
2014-05-01,organic_search,11,34962,1229,3.52
2014-05-01,referral,11,16382,4191,25.58
2014-05-01,paid_social,11,24436,1712,7.01
2014-05-01,referral,12,16382,4145,25.30
2014-05-01,paid_social,12,24436,1725,7.06
2014-05-01,organic_search,12,34962,1312,3.75
2014-05-01,paid_social,13,24436,2438,9.98
2014-05-01,organic_search,13,34962,2708,7.75
2014-05-01,referral,13,16382,4329,26.43
2014-05-01,paid_social,14,24436,1989,8.14
2014-05-01,organic_search,14,34962,1481,4.24
2014-05-01,referral,14,16382,3978,24.28
2014-05-01,referral,15,16382,3946,24.09
2014-05-01,organic_search,15,34962,1435,4.10
2014-05-01,paid_social,15,24436,1846,7.55
2014-05-01,paid_social,16,24436,1808,7.40
2014-05-01,organic_search,16,34962,1431,4.09
2014-05-01,referral,16,16382,3502,21.38
2014-05-01,organic_search,17,34962,1174,3.36
2014-05-01,paid_social,17,24436,1400,5.73
2014-05-01,referral,17,16382,3512,21.44
2014-05-01,paid_social,18,24436,1754,7.18
2014-05-01,organic_search,18,34962,1416,4.05
2014-05-01,referral,18,16382,3927,23.97
2014-05-01,organic_search,19,34962,1425,4.08
2014-05-01,referral,19,16382,3879,23.68
2014-05-01,paid_social,19,24436,1773,7.26
2014-05-01,referral,20,16382,3910,23.87
2014-05-01,paid_social,20,24436,1681,6.88
2014-05-01,organic_search,20,34962,1352,3.87
2014-05-01,paid_social,21,24436,1382,5.66
2014-05-01,referral,21,16382,3889,23.74
2014-05-01,organic_search,21,34962,1194,3.42
2014-05-01,referral,22,16382,3871,23.63
2014-05-01,paid_social,22,24436,1237,5.06
2014-05-01,organic_search,22,34962,1086,3.11
2014-05-01,organic_search,23,34962,1103,3.15
2014-05-01,referral,23,16382,3860,23.56
2014-05-01,paid_social,23,24436,1193,4.88
2014-05-01,referral,24,16382,3991,24.36
2014-05-01,organic_search,24,34962,1056,3.02
2014-05-01,paid_social,24,24436,1174,4.80
2014-06-01,referral,7,19320,4186,21.67
2014-06-01,organic_search,7,43461,1361,3.13
2014-06-01,paid_social,7,23807,1785,7.50
2014-06-01,organic_search,8,43461,1304,3.00
2014-06-01,paid_social,8,23807,1607,6.75
2014-06-01,referral,8,19320,4104,21.24
2014-06-01,paid_social,9,23807,1733,7.28
2014-06-01,organic_search,9,43461,1359,3.13
2014-06-01,referral,9,19320,4109,21.27
2014-06-01,referral,10,19320,4061,21.02
2014-06-01,organic_search,10,43461,1308,3.01
2014-06-01,paid_social,10,23807,1568,6.59
2014-06-01,paid_social,11,23807,1532,6.44
2014-06-01,organic_search,11,43461,1308,3.01
2014-06-01,referral,11,19320,4031,20.86
2014-06-01,referral,12,19320,4429,22.92
2014-06-01,organic_search,12,43461,3062,7.05
2014-06-01,paid_social,12,23807,2084,8.75
2014-06-01,referral,13,19320,3912,20.25
2014-06-01,organic_search,13,43461,1403,3.23
2014-06-01,paid_social,13,23807,1753,7.36
2014-06-01,organic_search,14,43461,1522,3.50
2014-06-01,paid_social,14,23807,1825,7.67
2014-06-01,referral,14,19320,3906,20.22
2014-06-01,paid_social,15,23807,1672,7.02
2014-06-01,referral,15,19320,3507,18.15
2014-06-01,organic_search,15,43461,1484,3.41
2014-06-01,paid_social,16,23807,1373,5.77
2014-06-01,organic_search,16,43461,1233,2.84
2014-06-01,referral,16,19320,3522,18.23
2014-06-01,paid_social,17,23807,1588,6.67
2014-06-01,referral,17,19320,3949,20.44
2014-06-01,organic_search,17,43461,1513,3.48
2014-06-01,paid_social,18,23807,1614,6.78
2014-06-01,referral,18,19320,3872,20.04
2014-06-01,organic_search,18,43461,1566,3.60
2014-06-01,organic_search,19,43461,1450,3.34
2014-06-01,paid_social,19,23807,1498,6.29
2014-06-01,referral,19,19320,3902,20.20
2014-06-01,organic_search,20,43461,1287,2.96
2014-06-01,referral,20,19320,3869,20.03
2014-06-01,paid_social,20,23807,1322,5.55
2014-06-01,paid_social,21,23807,1195,5.02
2014-06-01,organic_search,21,43461,1135,2.61
2014-06-01,referral,21,19320,3821,19.78
2014-06-01,organic_search,22,43461,1132,2.60
2014-06-01,paid_social,22,23807,1186,4.98
2014-06-01,referral,22,19320,3787,19.60
2014-06-01,paid_social,23,23807,1136,4.77
2014-06-01,referral,23,19320,3842,19.89
2014-06-01,organic_search,23,43461,1120,2.58
2014-06-01,paid_social,24,23807,1141,4.79
2014-06-01,organic_search,24,43461,1245,2.86
2014-06-01,referral,24,19320,3988,20.64
2014-07-01,organic_search,6,45870,1538,3.35
2014-07-01,paid_social,6,20555,1629,7.93
2014-07-01,referral,6,10329,3622,35.07
2014-07-01,paid_social,7,20555,1578,7.68
2014-07-01,referral,7,10329,3544,34.31
2014-07-01,organic_search,7,45870,1624,3.54
2014-07-01,paid_social,8,20555,1653,8.04
2014-07-01,organic_search,8,45870,1686,3.68
2014-07-01,referral,8,10329,3521,34.09
2014-07-01,referral,9,10329,3453,33.43
2014-07-01,paid_social,9,20555,1462,7.11
2014-07-01,organic_search,9,45870,1541,3.36
2014-07-01,organic_search,10,45870,1540,3.36
2014-07-01,paid_social,10,20555,1429,6.95
2014-07-01,referral,10,10329,3420,33.11
2014-07-01,organic_search,11,45870,3468,7.56
2014-07-01,paid_social,11,20555,1955,9.51
2014-07-01,referral,11,10329,3620,35.05
2014-07-01,referral,12,10329,3365,32.58
2014-07-01,organic_search,12,45870,1569,3.42
2014-07-01,paid_social,12,20555,1517,7.38
2014-07-01,paid_social,13,20555,1632,7.94
2014-07-01,organic_search,13,45870,1707,3.72
2014-07-01,referral,13,10329,3312,32.07
2014-07-01,referral,14,10329,2943,28.49
2014-07-01,organic_search,14,45870,1816,3.96
2014-07-01,paid_social,14,20555,1714,8.34
2014-07-01,paid_social,15,20555,1358,6.61
2014-07-01,organic_search,15,45870,1402,3.06
2014-07-01,referral,15,10329,2937,28.43
2014-07-01,organic_search,16,45870,1714,3.74
2014-07-01,paid_social,16,20555,1503,7.31
2014-07-01,referral,16,10329,3249,31.46
2014-07-01,paid_social,17,20555,1492,7.26
2014-07-01,organic_search,17,45870,1769,3.86
2014-07-01,referral,17,10329,3184,30.83
2014-07-01,organic_search,18,45870,1670,3.64
2014-07-01,paid_social,18,20555,1375,6.69
2014-07-01,referral,18,10329,3189,30.87
2014-07-01,paid_social,19,20555,1247,6.07
2014-07-01,organic_search,19,45870,1455,3.17
2014-07-01,referral,19,10329,3145,30.45
2014-07-01,organic_search,20,45870,1333,2.91
2014-07-01,paid_social,20,20555,1120,5.45
2014-07-01,referral,20,10329,3111,30.12
2014-07-01,referral,21,10329,3092,29.94
2014-07-01,paid_social,21,20555,1128,5.49
2014-07-01,organic_search,21,45870,1319,2.88
2014-07-01,paid_social,22,20555,1051,5.11
2014-07-01,organic_search,22,45870,1311,2.86
2014-07-01,referral,22,10329,3105,30.06
2014-07-01,referral,23,10329,3172,30.71
2014-07-01,organic_search,23,45870,1419,3.09
2014-07-01,paid_social,23,20555,1077,5.24
2014-07-01,organic_search,24,45870,1660,3.62
2014-07-01,paid_social,24,20555,1285,6.25
2014-07-01,referral,24,10329,3450,33.40
2014-08-01,paid_social,5,22238,1599,7.19
2014-08-01,organic_search,5,52447,1732,3.30
2014-08-01,referral,5,10349,3776,36.49
2014-08-01,referral,6,10349,3662,35.39
2014-08-01,paid_social,6,22238,1671,7.51
2014-08-01,organic_search,6,52447,1707,3.25
2014-08-01,paid_social,7,22238,1860,8.36
2014-08-01,referral,7,10349,3573,34.53
2014-08-01,organic_search,7,52447,1929,3.68
2014-08-01,referral,8,10349,3494,33.76
2014-08-01,organic_search,8,52447,1754,3.34
2014-08-01,paid_social,8,22238,1610,7.24
2014-08-01,paid_social,9,22238,1548,6.96
2014-08-01,organic_search,9,52447,1774,3.38
2014-08-01,referral,9,10349,3443,33.27
2014-08-01,referral,10,10349,3686,35.62
2014-08-01,organic_search,10,52447,3942,7.52
2014-08-01,paid_social,10,22238,2137,9.61
2014-08-01,referral,11,10349,3396,32.81
2014-08-01,organic_search,11,52447,1763,3.36
2014-08-01,paid_social,11,22238,1615,7.26
2014-08-01,paid_social,12,22238,1651,7.42
2014-08-01,organic_search,12,52447,1811,3.45
2014-08-01,referral,12,10349,3357,32.44
2014-08-01,referral,13,10349,3026,29.24
2014-08-01,paid_social,13,22238,1804,8.11
2014-08-01,organic_search,13,52447,1909,3.64
2014-08-01,referral,14,10349,3006,29.05
2014-08-01,paid_social,14,22238,1569,7.06
2014-08-01,organic_search,14,52447,1650,3.15
2014-08-01,paid_social,15,22238,1607,7.23
2014-08-01,organic_search,15,52447,1956,3.73
2014-08-01,referral,15,10349,3273,31.63
2014-08-01,paid_social,16,22238,1601,7.20
2014-08-01,referral,16,10349,3209,31.01
2014-08-01,organic_search,16,52447,1994,3.80
2014-08-01,paid_social,17,22238,1469,6.61
2014-08-01,referral,17,10349,3204,30.96
2014-08-01,organic_search,17,52447,1843,3.51
2014-08-01,paid_social,18,22238,1247,5.61
2014-08-01,organic_search,18,52447,1538,2.93
2014-08-01,referral,18,10349,3180,30.73
2014-08-01,referral,19,10349,3128,30.23
2014-08-01,organic_search,19,52447,1407,2.68
2014-08-01,paid_social,19,22238,1179,5.30
2014-08-01,paid_social,20,22238,1195,5.37
2014-08-01,referral,20,10349,3104,29.99
2014-08-01,organic_search,20,52447,1434,2.73
2014-08-01,referral,21,10349,3109,30.04
2014-08-01,organic_search,21,52447,1415,2.70
2014-08-01,paid_social,21,22238,1128,5.07
2014-08-01,organic_search,22,52447,1544,2.94
2014-08-01,paid_social,22,22238,1128,5.07
2014-08-01,referral,22,10349,3117,30.12
2014-08-01,organic_search,23,52447,1891,3.61
2014-08-01,referral,23,10349,3296,31.85
2014-08-01,paid_social,23,22238,1372,6.17
2014-08-01,referral,24,10349,3497,33.79
2014-08-01,paid_social,24,22238,1426,6.41
2014-08-01,organic_search,24,52447,1934,3.69
2014-09-01,organic_search,4,51872,1698,3.27
2014-09-01,paid_social,4,23260,2085,8.96
2014-09-01,referral,4,6196,2991,48.27
2014-09-01,paid_social,5,23260,1978,8.50
2014-09-01,referral,5,6196,2883,46.53
2014-09-01,organic_search,5,51872,1635,3.15
2014-09-01,paid_social,6,23260,2215,9.52
2014-09-01,organic_search,6,51872,1842,3.55
2014-09-01,referral,6,6196,2833,45.72
2014-09-01,paid_social,7,23260,2089,8.98
2014-09-01,organic_search,7,51872,1816,3.50
2014-09-01,referral,7,6196,2782,44.90
2014-09-01,paid_social,8,23260,1939,8.34
2014-09-01,organic_search,8,51872,1727,3.33
2014-09-01,referral,8,6196,2737,44.17
2014-09-01,paid_social,9,23260,2583,11.10
2014-09-01,organic_search,9,51872,3975,7.66
2014-09-01,referral,9,6196,2853,46.05
2014-09-01,organic_search,10,51872,1718,3.31
2014-09-01,paid_social,10,23260,1914,8.23
2014-09-01,referral,10,6196,2676,43.19
2014-09-01,referral,11,6196,2666,43.03
2014-09-01,organic_search,11,51872,1760,3.39
2014-09-01,paid_social,11,23260,1929,8.29
2014-09-01,paid_social,12,23260,1948,8.37
2014-09-01,organic_search,12,51872,1805,3.48
2014-09-01,referral,12,6196,2405,38.82
2014-09-01,referral,13,6196,2320,37.44
2014-09-01,organic_search,13,51872,1667,3.21
2014-09-01,paid_social,13,23260,1758,7.56
2014-09-01,paid_social,14,23260,2075,8.92
2014-09-01,organic_search,14,51872,2017,3.89
2014-09-01,referral,14,6196,2550,41.16
2014-09-01,organic_search,15,51872,1992,3.84
2014-09-01,paid_social,15,23260,1910,8.21
2014-09-01,referral,15,6196,2505,40.43
2014-09-01,paid_social,16,23260,1743,7.49
2014-09-01,organic_search,16,51872,1819,3.51
2014-09-01,referral,16,6196,2484,40.09
2014-09-01,organic_search,17,51872,1636,3.15
2014-09-01,paid_social,17,23260,1485,6.38
2014-09-01,referral,17,6196,2421,39.07
2014-09-01,organic_search,18,51872,1498,2.89
2014-09-01,paid_social,18,23260,1396,6.00
2014-09-01,referral,18,6196,2374,38.32
2014-09-01,paid_social,19,23260,1396,6.00
2014-09-01,referral,19,6196,2341,37.78
2014-09-01,organic_search,19,51872,1524,2.94
2014-09-01,organic_search,20,51872,1475,2.84
2014-09-01,paid_social,20,23260,1368,5.88
2014-09-01,referral,20,6196,2323,37.49
2014-09-01,paid_social,21,23260,1345,5.78
2014-09-01,organic_search,21,51872,1594,3.07
2014-09-01,referral,21,6196,2312,37.31
2014-09-01,referral,22,6196,2366,38.19
2014-09-01,organic_search,22,51872,1873,3.61
2014-09-01,paid_social,22,23260,1602,6.89
2014-09-01,paid_social,23,23260,1700,7.31
2014-09-01,referral,23,6196,2380,38.41
2014-09-01,organic_search,23,51872,1973,3.80
2014-09-01,referral,24,6196,2386,38.51
2014-09-01,organic_search,24,51872,2036,3.93
2014-09-01,paid_social,24,23260,1706,7.33
2014-10-01,organic_search,3,66930,2217,3.31
2014-10-01,paid_social,3,30214,2844,9.41
2014-10-01,referral,3,6643,3900,58.71
2014-10-01,organic_search,4,66930,2117,3.16
2014-10-01,paid_social,4,30214,2667,8.83
2014-10-01,referral,4,6643,3737,56.25
2014-10-01,paid_social,5,30214,2736,9.06
2014-10-01,organic_search,5,66930,2253,3.37
2014-10-01,referral,5,6643,3662,55.13
2014-10-01,paid_social,6,30214,2732,9.04
2014-10-01,referral,6,6643,3589,54.03
2014-10-01,organic_search,6,66930,2168,3.24
2014-10-01,referral,7,6643,3518,52.96
2014-10-01,paid_social,7,30214,2759,9.13
2014-10-01,organic_search,7,66930,2276,3.40
2014-10-01,paid_social,8,30214,3418,11.31
2014-10-01,organic_search,8,66930,5422,8.10
2014-10-01,referral,8,6643,3632,54.67
2014-10-01,referral,9,6643,3434,51.69
2014-10-01,paid_social,9,30214,3003,9.94
2014-10-01,organic_search,9,66930,2140,3.20
2014-10-01,paid_social,10,30214,3286,10.88
2014-10-01,organic_search,10,66930,2253,3.37
2014-10-01,referral,10,6643,3410,51.33
2014-10-01,referral,11,6643,2949,44.39
2014-10-01,organic_search,11,66930,2225,3.32
2014-10-01,paid_social,11,30214,2547,8.43
2014-10-01,referral,12,6643,2949,44.39
2014-10-01,organic_search,12,66930,1873,2.80
2014-10-01,paid_social,12,30214,2144,7.10
2014-10-01,paid_social,13,30214,2665,8.82
2014-10-01,organic_search,13,66930,2358,3.52
2014-10-01,referral,13,6643,3209,48.31
2014-10-01,paid_social,14,30214,2792,9.24
2014-10-01,referral,14,6643,3143,47.31
2014-10-01,organic_search,14,66930,2525,3.77
2014-10-01,referral,15,6643,3113,46.86
2014-10-01,organic_search,15,66930,2275,3.40
2014-10-01,paid_social,15,30214,2312,7.65
2014-10-01,organic_search,16,66930,1996,2.98
2014-10-01,paid_social,16,30214,1989,6.58
2014-10-01,referral,16,6643,3034,45.67
2014-10-01,referral,17,6643,2980,44.86
2014-10-01,paid_social,17,30214,1781,5.89
2014-10-01,organic_search,17,66930,1818,2.72
2014-10-01,organic_search,18,66930,1794,2.68
2014-10-01,paid_social,18,30214,1862,6.16
2014-10-01,referral,18,6643,2937,44.21
2014-10-01,paid_social,19,30214,1683,5.57
2014-10-01,organic_search,19,66930,1775,2.65
2014-10-01,referral,19,6643,2906,43.75
2014-10-01,organic_search,20,66930,1964,2.93
2014-10-01,paid_social,20,30214,1685,5.58
2014-10-01,referral,20,6643,2886,43.44
2014-10-01,organic_search,21,66930,2283,3.41
2014-10-01,paid_social,21,30214,2074,6.86
2014-10-01,referral,21,6643,2924,44.02
2014-10-01,organic_search,22,66930,2426,3.62
2014-10-01,referral,22,6643,2921,43.97
2014-10-01,paid_social,22,30214,2149,7.11
2014-10-01,referral,23,6643,2901,43.67
2014-10-01,organic_search,23,66930,2502,3.74
2014-10-01,paid_social,23,30214,2151,7.12
2014-10-01,paid_social,24,30214,2222,7.35
2014-10-01,organic_search,24,66930,2709,4.05
2014-10-01,referral,24,6643,2881,43.37
2014-11-01,organic_search,2,67370,2362,3.51
2014-11-01,referral,2,5829,4097,70.29
2014-11-01,paid_social,2,30055,3122,10.39
2014-11-01,paid_social,3,30055,2856,9.50
2014-11-01,organic_search,3,67370,2203,3.27
2014-11-01,referral,3,5829,3731,64.01
2014-11-01,organic_search,4,67370,2331,3.46
2014-11-01,paid_social,4,30055,2937,9.77
2014-11-01,referral,4,5829,3607,61.88
2014-11-01,paid_social,5,30055,2671,8.89
2014-11-01,referral,5,5829,3510,60.22
2014-11-01,organic_search,5,67370,2216,3.29
2014-11-01,paid_social,6,30055,2788,9.28
2014-11-01,referral,6,5829,3437,58.96
2014-11-01,organic_search,6,67370,2255,3.35
2014-11-01,organic_search,7,67370,5922,8.79
2014-11-01,referral,7,5829,3528,60.52
2014-11-01,paid_social,7,30055,3797,12.63
2014-11-01,other,7,838,1,0.12
2014-11-01,organic_search,8,67370,2195,3.26
2014-11-01,referral,8,5829,3318,56.92
2014-11-01,paid_social,8,30055,2681,8.92
2014-11-01,referral,9,5829,3289,56.42
2014-11-01,organic_search,9,67370,2231,3.31
2014-11-01,paid_social,9,30055,2790,9.28
2014-11-01,organic_search,10,67370,2312,3.43
2014-11-01,paid_social,10,30055,2602,8.66
2014-11-01,referral,10,5829,2932,50.30
2014-11-01,paid_social,11,30055,2164,7.20
2014-11-01,referral,11,5829,2901,49.77
2014-11-01,organic_search,11,67370,1990,2.95
2014-11-01,paid_social,12,30055,2572,8.56
2014-11-01,referral,12,5829,3204,54.97
2014-11-01,organic_search,12,67370,2328,3.46
2014-11-01,organic_search,13,67370,2488,3.69
2014-11-01,paid_social,13,30055,2764,9.20
2014-11-01,referral,13,5829,3080,52.84
2014-11-01,paid_social,14,30055,2631,8.75
2014-11-01,organic_search,14,67370,2499,3.71
2014-11-01,referral,14,5829,3048,52.29
2014-11-01,organic_search,15,67370,2002,2.97
2014-11-01,paid_social,15,30055,2071,6.89
2014-11-01,referral,15,5829,2950,50.61
2014-11-01,paid_social,16,30055,1859,6.19
2014-11-01,referral,16,5829,2918,50.06
2014-11-01,organic_search,16,67370,1839,2.73
2014-11-01,referral,17,5829,2857,49.01
2014-11-01,organic_search,17,67370,1862,2.76
2014-11-01,paid_social,17,30055,1827,6.08
2014-11-01,paid_social,18,30055,1811,6.03
2014-11-01,referral,18,5829,2822,48.41
2014-11-01,organic_search,18,67370,1845,2.74
2014-11-01,paid_social,19,30055,1781,5.93
2014-11-01,referral,19,5829,2796,47.97
2014-11-01,organic_search,19,67370,2016,2.99
2014-11-01,organic_search,20,67370,2372,3.52
2014-11-01,paid_social,20,30055,2212,7.36
2014-11-01,referral,20,5829,2835,48.64
2014-11-01,referral,21,5829,2827,48.50
2014-11-01,organic_search,21,67370,2510,3.73
2014-11-01,paid_social,21,30055,2254,7.50
2014-11-01,paid_social,22,30055,2248,7.48
2014-11-01,organic_search,22,67370,2655,3.94
2014-11-01,referral,22,5829,2798,48.00
2014-11-01,paid_social,23,30055,2274,7.57
2014-11-01,organic_search,23,67370,2796,4.15
2014-11-01,referral,23,5829,2793,47.92
2014-11-01,organic_search,24,67370,3021,4.48
2014-11-01,other,24,838,1,0.12
2014-11-01,paid_social,24,30055,2369,7.88
2014-11-01,referral,24,5829,2801,48.05
2014-12-01,organic_search,1,51776,2377,4.59
2014-12-01,paid_social,1,37248,3391,9.10
2014-12-01,referral,1,6227,3472,55.76
2014-12-01,organic_search,2,51776,2045,3.95
2014-12-01,paid_social,2,37248,2930,7.87
2014-12-01,referral,2,6227,4345,69.78
2014-12-01,paid_social,3,37248,3015,8.09
2014-12-01,organic_search,3,51776,2047,3.95
2014-12-01,referral,3,6227,3989,64.06
2014-12-01,referral,4,6227,3859,61.97
2014-12-01,paid_social,4,37248,2709,7.27
2014-12-01,organic_search,4,51776,1918,3.70
2014-12-01,organic_search,5,51776,1877,3.63
2014-12-01,referral,5,6227,3758,60.35
2014-12-01,paid_social,5,37248,2641,7.09
2014-12-01,paid_social,6,37248,4186,11.24
2014-12-01,organic_search,6,51776,5108,9.87
2014-12-01,referral,6,6227,3890,62.47
2014-12-01,organic_search,7,51776,1970,3.80
2014-12-01,referral,7,6227,3626,58.23
2014-12-01,paid_social,7,37248,2803,7.53
2014-12-01,paid_social,8,37248,3820,10.26
2014-12-01,referral,8,6227,3584,57.56
2014-12-01,organic_search,8,51776,1992,3.85
2014-12-01,referral,9,6227,3108,49.91
2014-12-01,organic_search,9,51776,1958,3.78
2014-12-01,paid_social,9,37248,2699,7.25
2014-12-01,paid_social,10,37248,2298,6.17
2014-12-01,referral,10,6227,3091,49.64
2014-12-01,organic_search,10,51776,1628,3.14
2014-12-01,organic_search,11,51776,1926,3.72
2014-12-01,referral,11,6227,3457,55.52
2014-12-01,paid_social,11,37248,2624,7.04
2014-12-01,organic_search,12,51776,2019,3.90
2014-12-01,paid_social,12,37248,2796,7.51
2014-12-01,referral,12,6227,3465,55.64
2014-12-01,organic_search,13,51776,1962,3.79
2014-12-01,paid_social,13,37248,2731,7.33
2014-12-01,referral,13,6227,3281,52.69
2014-12-01,referral,14,6227,3167,50.86
2014-12-01,paid_social,14,37248,2328,6.25
2014-12-01,organic_search,14,51776,1770,3.42
2014-12-01,referral,15,6227,3090,49.62
2014-12-01,organic_search,15,51776,1527,2.95
2014-12-01,paid_social,15,37248,2020,5.42
2014-12-01,organic_search,16,51776,1520,2.94
2014-12-01,paid_social,16,37248,2016,5.41
2014-12-01,referral,16,6227,3042,48.85
2014-12-01,referral,17,6227,3013,48.39
2014-12-01,organic_search,17,51776,1533,2.96
2014-12-01,paid_social,17,37248,1925,5.17
2014-12-01,paid_social,18,37248,1986,5.33
2014-12-01,organic_search,18,51776,1606,3.10
2014-12-01,referral,18,6227,2980,47.86
2014-12-01,paid_social,19,37248,3106,8.34
2014-12-01,organic_search,19,51776,1908,3.69
2014-12-01,referral,19,6227,3014,48.40
2014-12-01,paid_social,20,37248,2421,6.50
2014-12-01,organic_search,20,51776,2055,3.97
2014-12-01,referral,20,6227,2994,48.08
2014-12-01,organic_search,21,51776,2118,4.09
2014-12-01,referral,21,6227,2975,47.78
2014-12-01,paid_social,21,37248,2394,6.43
2014-12-01,organic_search,22,51776,2220,4.29
2014-12-01,referral,22,6227,2971,47.71
2014-12-01,paid_social,22,37248,2484,6.67
2014-12-01,paid_social,23,37248,3522,9.46
2014-12-01,organic_search,23,51776,2568,4.96
2014-12-01,referral,23,6227,2958,47.50
2014-12-01,referral,24,6227,2891,46.43
2014-12-01,organic_search,24,51776,1917,3.70
2014-12-01,paid_social,24,37248,2210,5.93
2015-01-01,paid_social,0,44295,6220,14.04
2015-01-01,organic_search,0,54145,2568,4.74
2015-01-01,referral,0,3506,3490,99.54
2015-01-01,paid_social,1,44295,3910,8.83
2015-01-01,referral,1,3506,2630,75.01
2015-01-01,organic_search,1,54145,2664,4.92
2015-01-01,paid_social,2,44295,3955,8.93
2015-01-01,organic_search,2,54145,2518,4.65
2015-01-01,referral,2,3506,2771,79.04
2015-01-01,paid_social,3,44295,3422,7.73
2015-01-01,referral,3,3506,2633,75.10
2015-01-01,organic_search,3,54145,2312,4.27
2015-01-01,paid_social,4,44295,3272,7.39
2015-01-01,referral,4,3506,2580,73.59
2015-01-01,organic_search,4,54145,2249,4.15
2015-01-01,paid_social,5,44295,5194,11.73
2015-01-01,organic_search,5,54145,5795,10.70
2015-01-01,referral,5,3506,2605,74.30
2015-01-01,paid_social,6,44295,3256,7.35
2015-01-01,organic_search,6,54145,2162,3.99
2015-01-01,referral,6,3506,2503,71.39
2015-01-01,paid_social,7,44295,3371,7.61
2015-01-01,referral,7,3506,2479,70.71
2015-01-01,organic_search,7,54145,2289,4.23
2015-01-01,referral,8,3506,2160,61.61
2015-01-01,organic_search,8,54145,2226,4.11
2015-01-01,paid_social,8,44295,3201,7.23
2015-01-01,referral,9,3506,2135,60.90
2015-01-01,paid_social,9,44295,2683,6.06
2015-01-01,organic_search,9,54145,1844,3.41
2015-01-01,paid_social,10,44295,2999,6.77
2015-01-01,organic_search,10,54145,2191,4.05
2015-01-01,referral,10,3506,2385,68.03
2015-01-01,organic_search,11,54145,2267,4.19
2015-01-01,referral,11,3506,2354,67.14
2015-01-01,paid_social,11,44295,3039,6.86
2015-01-01,paid_social,12,44295,2924,6.60
2015-01-01,organic_search,12,54145,2178,4.02
2015-01-01,referral,12,3506,2437,69.51
2015-01-01,organic_search,13,54145,1948,3.60
2015-01-01,referral,13,3506,2299,65.57
2015-01-01,paid_social,13,44295,2623,5.92
2015-01-01,referral,14,3506,2213,63.12
2015-01-01,organic_search,14,54145,1818,3.36
2015-01-01,paid_social,14,44295,2361,5.33
2015-01-01,organic_search,15,54145,1786,3.30
2015-01-01,paid_social,15,44295,2321,5.24
2015-01-01,referral,15,3506,2167,61.81
2015-01-01,organic_search,16,54145,1738,3.21
2015-01-01,referral,16,3506,2138,60.98
2015-01-01,paid_social,16,44295,2280,5.15
2015-01-01,referral,17,3506,2113,60.27
2015-01-01,paid_social,17,44295,2280,5.15
2015-01-01,organic_search,17,54145,1823,3.37
2015-01-01,paid_social,18,44295,2598,5.87
2015-01-01,organic_search,18,54145,2173,4.01
2015-01-01,referral,18,3506,2137,60.95
2015-01-01,paid_social,19,44295,2691,6.08
2015-01-01,organic_search,19,54145,2212,4.09
2015-01-01,referral,19,3506,2115,60.33
2015-01-01,referral,20,3506,2091,59.64
2015-01-01,paid_social,20,44295,2675,6.04
2015-01-01,organic_search,20,54145,2351,4.34
2015-01-01,organic_search,21,54145,2484,4.59
2015-01-01,paid_social,21,44295,2778,6.27
2015-01-01,referral,21,3506,2082,59.38
2015-01-01,referral,22,3506,2073,59.13
2015-01-01,organic_search,22,54145,2739,5.06
2015-01-01,paid_social,22,44295,2887,6.52
2015-01-01,referral,23,3506,1946,55.50
2015-01-01,organic_search,23,54145,2102,3.88
2015-01-01,paid_social,23,44295,2531,5.71
2015-01-01,organic_search,24,54145,2112,3.90
2015-01-01,referral,24,3506,1992,56.82
2015-01-01,paid_social,24,44295,2479,5.60
2015-02-01,paid_social,0,40566,5651,13.93
2015-02-01,organic_search,0,48906,1952,3.99
2015-02-01,referral,0,3141,3112,99.08
2015-02-01,paid_social,1,40566,3899,9.61
2015-02-01,referral,1,3141,2750,87.55
2015-02-01,organic_search,1,48906,2477,5.06
2015-02-01,paid_social,2,40566,3446,8.49
2015-02-01,organic_search,2,48906,2124,4.34
2015-02-01,referral,2,3141,2698,85.90
2015-02-01,paid_social,3,40566,3161,7.79
2015-02-01,referral,3,3141,2657,84.59
2015-02-01,organic_search,3,48906,2037,4.17
2015-02-01,paid_social,4,40566,5282,13.02
2015-02-01,referral,4,3141,2629,83.70
2015-02-01,organic_search,4,48906,5985,12.24
2015-02-01,paid_social,5,40566,2949,7.27
2015-02-01,organic_search,5,48906,1872,3.83
2015-02-01,referral,5,3141,2580,82.14
2015-02-01,paid_social,6,40566,3020,7.44
2015-02-01,organic_search,6,48906,1907,3.90
2015-02-01,referral,6,3141,2539,80.83
2015-02-01,paid_social,7,40566,3096,7.63
2015-02-01,referral,7,3141,2407,76.63
2015-02-01,organic_search,7,48906,2059,4.21
2015-02-01,referral,8,3141,2388,76.03
2015-02-01,organic_search,8,48906,1727,3.53
2015-02-01,paid_social,8,40566,2618,6.45
2015-02-01,referral,9,3141,2461,78.35
2015-02-01,paid_social,9,40566,2794,6.89
2015-02-01,organic_search,9,48906,1975,4.04
2015-02-01,paid_social,10,40566,2770,6.83
2015-02-01,organic_search,10,48906,2008,4.11
2015-02-01,referral,10,3141,2434,77.49
2015-02-01,organic_search,11,48906,1854,3.79
2015-02-01,referral,11,3141,2413,76.82
2015-02-01,paid_social,11,40566,2617,6.45
2015-02-01,paid_social,12,40566,2379,5.86
2015-02-01,organic_search,12,48906,1684,3.44
2015-02-01,referral,12,3141,2554,81.31
2015-02-01,organic_search,13,48906,1561,3.19
2015-02-01,referral,13,3141,2390,76.09
2015-02-01,paid_social,13,40566,2246,5.54
2015-02-01,referral,14,3141,2311,73.58
2015-02-01,organic_search,14,48906,1571,3.21
2015-02-01,paid_social,14,40566,2238,5.52
2015-02-01,organic_search,15,48906,1520,3.11
2015-02-01,paid_social,15,40566,2160,5.32
2015-02-01,referral,15,3141,2248,71.57
2015-02-01,organic_search,16,48906,1660,3.39
2015-02-01,referral,16,3141,2209,70.33
2015-02-01,paid_social,16,40566,2233,5.50
2015-02-01,referral,17,3141,2209,70.33
2015-02-01,paid_social,17,40566,2387,5.88
2015-02-01,organic_search,17,48906,1896,3.88
2015-02-01,paid_social,18,40566,2453,6.05
2015-02-01,organic_search,18,48906,2006,4.10
2015-02-01,referral,18,3141,2171,69.12
2015-02-01,paid_social,19,40566,2459,6.06
2015-02-01,organic_search,19,48906,2042,4.18
2015-02-01,referral,19,3141,2141,68.16
2015-02-01,referral,20,3141,2106,67.05
2015-02-01,paid_social,20,40566,2548,6.28
2015-02-01,organic_search,20,48906,2230,4.56
2015-02-01,organic_search,21,48906,2522,5.16
2015-02-01,paid_social,21,40566,2677,6.60
2015-02-01,referral,21,3141,2072,65.97
2015-02-01,referral,22,3141,1960,62.40
2015-02-01,organic_search,22,48906,1848,3.78
2015-02-01,paid_social,22,40566,2249,5.54
2015-02-01,referral,23,3141,2006,63.87
2015-02-01,organic_search,23,48906,1857,3.80
2015-02-01,paid_social,23,40566,2224,5.48
2015-02-01,organic_search,24,48906,1506,3.08
2015-02-01,referral,24,3141,1931,61.48
2015-02-01,paid_social,24,40566,1839,4.53
2015-03-01,organic_search,0,48845,2343,4.80
2015-03-01,paid_social,0,41373,6697,16.19
2015-03-01,referral,0,4895,4848,99.04
2015-03-01,organic_search,1,48845,2523,5.17
2015-03-01,paid_social,1,41373,3948,9.54
2015-03-01,referral,1,4895,3806,77.75
2015-03-01,paid_social,2,41373,3472,8.39
2015-03-01,organic_search,2,48845,2140,4.38
2015-03-01,referral,2,4895,3592,73.38
2015-03-01,referral,3,4895,3577,73.07
2015-03-01,paid_social,3,41373,6201,14.99
2015-03-01,organic_search,3,48845,6719,13.76
2015-03-01,organic_search,4,48845,1981,4.06
2015-03-01,referral,4,4895,3402,69.50
2015-03-01,paid_social,4,41373,3205,7.75
2015-03-01,paid_social,5,41373,3102,7.50
2015-03-01,organic_search,5,48845,1977,4.05
2015-03-01,referral,5,4895,3343,68.29
2015-03-01,organic_search,6,48845,2010,4.12
2015-03-01,referral,6,4895,2953,60.33
2015-03-01,paid_social,6,41373,3218,7.78
2015-03-01,paid_social,7,41373,2869,6.93
2015-03-01,referral,7,4895,2914,59.53
2015-03-01,organic_search,7,48845,1781,3.65
2015-03-01,referral,8,4895,3211,65.60
2015-03-01,organic_search,8,48845,1997,4.09
2015-03-01,paid_social,8,41373,2992,7.23
2015-03-01,paid_social,9,41373,2974,7.19
2015-03-01,referral,9,4895,3174,64.84
2015-03-01,organic_search,9,48845,1962,4.02
2015-03-01,organic_search,10,48845,1843,3.77
2015-03-01,referral,10,4895,3145,64.25
2015-03-01,paid_social,10,41373,2677,6.47
2015-03-01,organic_search,11,48845,1658,3.39
2015-03-01,paid_social,11,41373,2407,5.82
2015-03-01,referral,11,4895,3104,63.41
2015-03-01,organic_search,12,48845,1506,3.08
2015-03-01,paid_social,12,41373,2280,5.51
2015-03-01,referral,12,4895,3115,63.64
2015-03-01,referral,13,4895,2956,60.39
2015-03-01,paid_social,13,41373,2327,5.62
2015-03-01,organic_search,13,48845,1513,3.10
2015-03-01,referral,14,4895,2911,59.47
2015-03-01,organic_search,14,48845,1506,3.08
2015-03-01,paid_social,14,41373,2302,5.56
2015-03-01,organic_search,15,48845,1644,3.37
2015-03-01,paid_social,15,41373,2240,5.41
2015-03-01,referral,15,4895,2869,58.61
2015-03-01,referral,16,4895,2883,58.90
2015-03-01,organic_search,16,48845,1889,3.87
2015-03-01,paid_social,16,41373,2485,6.01
2015-03-01,paid_social,17,41373,2503,6.05
2015-03-01,organic_search,17,48845,2016,4.13
2015-03-01,referral,17,4895,2838,57.98
2015-03-01,paid_social,18,41373,2572,6.22
2015-03-01,organic_search,18,48845,2091,4.28
2015-03-01,referral,18,4895,2794,57.08
2015-03-01,paid_social,19,41373,2675,6.47
2015-03-01,organic_search,19,48845,2195,4.49
2015-03-01,referral,19,4895,2757,56.32
2015-03-01,organic_search,20,48845,2563,5.25
2015-03-01,referral,20,4895,2730,55.77
2015-03-01,paid_social,20,41373,2715,6.56
2015-03-01,organic_search,21,48845,1849,3.79
2015-03-01,referral,21,4895,2579,52.69
2015-03-01,paid_social,21,41373,2357,5.70
2015-03-01,paid_social,22,41373,2322,5.61
2015-03-01,organic_search,22,48845,1877,3.84
2015-03-01,referral,22,4895,2638,53.89
2015-03-01,referral,23,4895,2566,52.42
2015-03-01,organic_search,23,48845,1526,3.12
2015-03-01,paid_social,23,41373,1892,4.57
2015-04-01,referral,0,4710,4686,99.49
2015-04-01,paid_social,0,36068,5513,15.29
2015-04-01,organic_search,0,39973,2239,5.60
2015-04-01,referral,1,4710,3299,70.04
2015-04-01,paid_social,1,36068,3468,9.62
2015-04-01,organic_search,1,39973,2367,5.92
2015-04-01,organic_search,2,39973,7310,18.29
2015-04-01,referral,2,4710,3164,67.18
2015-04-01,paid_social,2,36068,6271,17.39
2015-04-01,referral,3,4710,2927,62.14
2015-04-01,organic_search,3,39973,1923,4.81
2015-04-01,paid_social,3,36068,2924,8.11
2015-04-01,paid_social,4,36068,2767,7.67
2015-04-01,organic_search,4,39973,1874,4.69
2015-04-01,referral,4,4710,2851,60.53
2015-04-01,referral,5,4710,2586,54.90
2015-04-01,organic_search,5,39973,1857,4.65
2015-04-01,paid_social,5,36068,2720,7.54
2015-04-01,referral,6,4710,2561,54.37
2015-04-01,paid_social,6,36068,2553,7.08
2015-04-01,organic_search,6,39973,1631,4.08
2015-04-01,referral,7,4710,2744,58.26
2015-04-01,paid_social,7,36068,2673,7.41
2015-04-01,organic_search,7,39973,1940,4.85
2015-04-01,paid_social,8,36068,2596,7.20
2015-04-01,organic_search,8,39973,1886,4.72
2015-04-01,referral,8,4710,2725,57.86
2015-04-01,paid_social,9,36068,2298,6.37
2015-04-01,organic_search,9,39973,1753,4.39
2015-04-01,referral,9,4710,2706,57.45
2015-04-01,paid_social,10,36068,2103,5.83
2015-04-01,organic_search,10,39973,1537,3.85
2015-04-01,referral,10,4710,2654,56.35
2015-04-01,referral,11,4710,2621,55.65
2015-04-01,paid_social,11,36068,1925,5.34
2015-04-01,organic_search,11,39973,1435,3.59
2015-04-01,referral,12,4710,2630,55.84
2015-04-01,organic_search,12,39973,1401,3.50
2015-04-01,paid_social,12,36068,1916,5.31
2015-04-01,organic_search,13,39973,1447,3.62
2015-04-01,referral,13,4710,2525,53.61
2015-04-01,paid_social,13,36068,1946,5.40
2015-04-01,referral,14,4710,2477,52.59
2015-04-01,paid_social,14,36068,1840,5.10
2015-04-01,organic_search,14,39973,1520,3.80
2015-04-01,referral,15,4710,2472,52.48
2015-04-01,paid_social,15,36068,2065,5.73
2015-04-01,organic_search,15,39973,1752,4.38
2015-04-01,referral,16,4710,2431,51.61
2015-04-01,paid_social,16,36068,2160,5.99
2015-04-01,organic_search,16,39973,1799,4.50
2015-04-01,referral,17,4710,2408,51.13
2015-04-01,organic_search,17,39973,1867,4.67
2015-04-01,paid_social,17,36068,2190,6.07
2015-04-01,paid_social,18,36068,2235,6.20
2015-04-01,referral,18,4710,2394,50.83
2015-04-01,organic_search,18,39973,1963,4.91
2015-04-01,organic_search,19,39973,2211,5.53
2015-04-01,referral,19,4710,2355,50.00
2015-04-01,paid_social,19,36068,2354,6.53
2015-04-01,paid_social,20,36068,2020,5.60
2015-04-01,organic_search,20,39973,1679,4.20
2015-04-01,referral,20,4710,2213,46.99
2015-04-01,organic_search,21,39973,1679,4.20
2015-04-01,paid_social,21,36068,2006,5.56
2015-04-01,referral,21,4710,2289,48.60
2015-04-01,paid_social,22,36068,1649,4.57
2015-04-01,referral,22,4710,2235,47.45
2015-04-01,organic_search,22,39973,1387,3.47
2015-05-01,organic_search,0,32194,2004,6.22
2015-05-01,paid_social,0,34424,5213,15.14
2015-05-01,referral,0,4630,4629,99.98
2015-05-01,organic_search,1,32194,4194,13.03
2015-05-01,paid_social,1,34424,5323,15.46
2015-05-01,referral,1,4630,3201,69.14
2015-05-01,paid_social,2,34424,3057,8.88
2015-05-01,organic_search,2,32194,1813,5.63
2015-05-01,referral,2,4630,2958,63.89
2015-05-01,paid_social,3,34424,2867,8.33
2015-05-01,referral,3,4630,2844,61.43
2015-05-01,organic_search,3,32194,1724,5.36
2015-05-01,referral,4,4630,2451,52.94
2015-05-01,paid_social,4,34424,2738,7.95
2015-05-01,organic_search,4,32194,1673,5.20
2015-05-01,paid_social,5,34424,2381,6.92
2015-05-01,organic_search,5,32194,1461,4.54
2015-05-01,referral,5,4630,2417,52.20
2015-05-01,referral,6,4630,2706,58.44
2015-05-01,paid_social,6,34424,2632,7.65
2015-05-01,organic_search,6,32194,1659,5.15
2015-05-01,paid_social,7,34424,2689,7.81
2015-05-01,organic_search,7,32194,1752,5.44
2015-05-01,referral,7,4630,2664,57.54
2015-05-01,referral,8,4630,2655,57.34
2015-05-01,organic_search,8,32194,1522,4.73
2015-05-01,paid_social,8,34424,2356,6.84
2015-05-01,referral,9,4630,2613,56.44
2015-05-01,organic_search,9,32194,1407,4.37
2015-05-01,paid_social,9,34424,2138,6.21
2015-05-01,paid_social,10,34424,1895,5.50
2015-05-01,organic_search,10,32194,1300,4.04
2015-05-01,referral,10,4630,2597,56.09
2015-05-01,paid_social,11,34424,1860,5.40
2015-05-01,referral,11,4630,2564,55.38
2015-05-01,organic_search,11,32194,1264,3.93
2015-05-01,referral,12,4630,2574,55.59
2015-05-01,organic_search,12,32194,1192,3.70
2015-05-01,paid_social,12,34424,1897,5.51
2015-05-01,organic_search,13,32194,1286,3.99
2015-05-01,paid_social,13,34424,1867,5.42
2015-05-01,referral,13,4630,2453,52.98
2015-05-01,referral,14,4630,2461,53.15
2015-05-01,paid_social,14,34424,2124,6.17
2015-05-01,organic_search,14,32194,1487,4.62
2015-05-01,organic_search,15,32194,1551,4.82
2015-05-01,paid_social,15,34424,2192,6.37
2015-05-01,referral,15,4630,2428,52.44
2015-05-01,paid_social,16,34424,2209,6.42
2015-05-01,organic_search,16,32194,1600,4.97
2015-05-01,referral,16,4630,2385,51.51
2015-05-01,organic_search,17,32194,1726,5.36
2015-05-01,paid_social,17,34424,2283,6.63
2015-05-01,referral,17,4630,2367,51.12
2015-05-01,organic_search,18,32194,1931,6.00
2015-05-01,paid_social,18,34424,2327,6.76
2015-05-01,referral,18,4630,2388,51.58
2015-05-01,organic_search,19,32194,1452,4.51
2015-05-01,referral,19,4630,2256,48.73
2015-05-01,paid_social,19,34424,2018,5.86
2015-05-01,referral,20,4630,2305,49.78
2015-05-01,organic_search,20,32194,1443,4.48
2015-05-01,paid_social,20,34424,1992,5.79
2015-05-01,paid_social,21,34424,1593,4.63
2015-05-01,organic_search,21,32194,1164,3.62
2015-05-01,referral,21,4630,2213,47.80
2015-06-01,organic_search,0,41604,7540,18.12
2015-06-01,paid_social,0,33434,12716,38.03
2015-06-01,referral,0,3928,3901,99.31
2015-06-01,paid_social,1,33434,2853,8.53
2015-06-01,referral,1,3928,2765,70.39
2015-06-01,organic_search,1,41604,2030,4.88
2015-06-01,paid_social,2,33434,2617,7.83
2015-06-01,organic_search,2,41604,1840,4.42
2015-06-01,referral,2,3928,2601,66.22
2015-06-01,paid_social,3,33434,2478,7.41
2015-06-01,organic_search,3,41604,1821,4.38
2015-06-01,referral,3,3928,2253,57.36
2015-06-01,paid_social,4,33434,2111,6.31
2015-06-01,organic_search,4,41604,1630,3.92
2015-06-01,referral,4,3928,2203,56.08
2015-06-01,paid_social,5,33434,2219,6.64
2015-06-01,organic_search,5,41604,1783,4.29
2015-06-01,referral,5,3928,2407,61.28
2015-06-01,organic_search,6,41604,1813,4.36
2015-06-01,paid_social,6,33434,2334,6.98
2015-06-01,referral,6,3928,2383,60.67
2015-06-01,referral,7,3928,2367,60.26
2015-06-01,organic_search,7,41604,1716,4.12
2015-06-01,paid_social,7,33434,2190,6.55
2015-06-01,paid_social,8,33434,1854,5.55
2015-06-01,organic_search,8,41604,1501,3.61
2015-06-01,referral,8,3928,2315,58.94
2015-06-01,referral,9,3928,2297,58.48
2015-06-01,organic_search,9,41604,1360,3.27
2015-06-01,paid_social,9,33434,1669,4.99
2015-06-01,paid_social,10,33434,1660,4.97
2015-06-01,organic_search,10,41604,1388,3.34
2015-06-01,referral,10,3928,2261,57.56
2015-06-01,organic_search,11,41604,1363,3.28
2015-06-01,paid_social,11,33434,1627,4.87
2015-06-01,referral,11,3928,2248,57.23
2015-06-01,paid_social,12,33434,1650,4.94
2015-06-01,organic_search,12,41604,1513,3.64
2015-06-01,referral,12,3928,2256,57.43
2015-06-01,organic_search,13,41604,1734,4.17
2015-06-01,paid_social,13,33434,1916,5.73
2015-06-01,referral,13,3928,2235,56.90
2015-06-01,organic_search,14,41604,1746,4.20
2015-06-01,paid_social,14,33434,1992,5.96
2015-06-01,referral,14,3928,2203,56.08
2015-06-01,paid_social,15,33434,1994,5.96
2015-06-01,referral,15,3928,2164,55.09
2015-06-01,organic_search,15,41604,1819,4.37
2015-06-01,organic_search,16,41604,2007,4.82
2015-06-01,paid_social,16,33434,2050,6.13
2015-06-01,referral,16,3928,2152,54.79
2015-06-01,paid_social,17,33434,2108,6.30
2015-06-01,organic_search,17,41604,2343,5.63
2015-06-01,referral,17,3928,2136,54.38
2015-06-01,referral,18,3928,2009,51.15
2015-06-01,organic_search,18,41604,1637,3.93
2015-06-01,paid_social,18,33434,1805,5.40
2015-06-01,paid_social,19,33434,1737,5.20
2015-06-01,referral,19,3928,2063,52.52
2015-06-01,organic_search,19,41604,1633,3.93
2015-06-01,referral,20,3928,1948,49.59
2015-06-01,organic_search,20,41604,1351,3.25
2015-06-01,paid_social,20,33434,1411,4.22
2015-07-01,paid_social,0,41332,4529,10.96
2015-07-01,organic_search,0,51867,1764,3.40
2015-07-01,referral,0,17995,17838,99.13
2015-07-01,referral,1,17995,15479,86.02
2015-07-01,paid_social,1,41332,3070,7.43
2015-07-01,organic_search,1,51867,1945,3.75
2015-07-01,paid_social,2,41332,2782,6.73
2015-07-01,referral,2,17995,13151,73.08
2015-07-01,organic_search,2,51867,1777,3.43
2015-07-01,referral,3,17995,13049,72.51
2015-07-01,organic_search,3,51867,1504,2.90
2015-07-01,paid_social,3,41332,2456,5.94
2015-07-01,paid_social,4,41332,2543,6.15
2015-07-01,organic_search,4,51867,1713,3.30
2015-07-01,referral,4,17995,15014,83.43
2015-07-01,referral,5,17995,14955,83.11
2015-07-01,organic_search,5,51867,1716,3.31
2015-07-01,paid_social,5,41332,2479,6.00
2015-07-01,referral,6,17995,14935,83.00
2015-07-01,organic_search,6,51867,1634,3.15
2015-07-01,paid_social,6,41332,2377,5.75
2015-07-01,paid_social,7,41332,2235,5.41
2015-07-01,organic_search,7,51867,1489,2.87
2015-07-01,referral,7,17995,14888,82.73
2015-07-01,referral,8,17995,14754,81.99
2015-07-01,paid_social,8,41332,1923,4.65
2015-07-01,organic_search,8,51867,1328,2.56
2015-07-01,referral,9,17995,14684,81.60
2015-07-01,paid_social,9,41332,1826,4.42
2015-07-01,organic_search,9,51867,1290,2.49
2015-07-01,paid_social,10,41332,1791,4.33
2015-07-01,organic_search,10,51867,1307,2.52
2015-07-01,referral,10,17995,14653,81.43
2015-07-01,paid_social,11,41332,1836,4.44
2015-07-01,referral,11,17995,14636,81.33
2015-07-01,organic_search,11,51867,1438,2.77
2015-07-01,paid_social,12,41332,2053,4.97
2015-07-01,referral,12,17995,14691,81.64
2015-07-01,organic_search,12,51867,1708,3.29
2015-07-01,paid_social,13,41332,2205,5.33
2015-07-01,organic_search,13,51867,1781,3.43
2015-07-01,referral,13,17995,14615,81.22
2015-07-01,referral,14,17995,14515,80.66
2015-07-01,organic_search,14,51867,1948,3.76
2015-07-01,paid_social,14,41332,2140,5.18
2015-07-01,paid_social,15,41332,2254,5.45
2015-07-01,referral,15,17995,14442,80.26
2015-07-01,organic_search,15,51867,2062,3.98
2015-07-01,referral,16,17995,14388,79.96
2015-07-01,organic_search,16,51867,2536,4.89
2015-07-01,paid_social,16,41332,2312,5.59
2015-07-01,organic_search,17,51867,1645,3.17
2015-07-01,paid_social,17,41332,1909,4.62
2015-07-01,referral,17,17995,13756,76.44
2015-07-01,organic_search,18,51867,1652,3.19
2015-07-01,referral,18,17995,14107,78.39
2015-07-01,paid_social,18,41332,1894,4.58
2015-07-01,referral,19,17995,13415,74.55
2015-07-01,paid_social,19,41332,1528,3.70
2015-07-01,organic_search,19,51867,1345,2.59
2015-08-01,organic_search,0,81302,3021,3.72
2015-08-01,paid_social,0,59242,6802,11.48
2015-08-01,referral,0,20662,20642,99.90
2015-08-01,paid_social,1,59242,4456,7.52
2015-08-01,referral,1,20662,15067,72.92
2015-08-01,organic_search,1,81302,3581,4.40
2015-08-01,paid_social,2,59242,3889,6.56
2015-08-01,organic_search,2,81302,2949,3.63
2015-08-01,referral,2,20662,14765,71.46
2015-08-01,referral,3,20662,16698,80.82
2015-08-01,paid_social,3,59242,3895,6.57
2015-08-01,organic_search,3,81302,3101,3.81
2015-08-01,organic_search,4,81302,3192,3.93
2015-08-01,paid_social,4,59242,3814,6.44
2015-08-01,referral,4,20662,16565,80.17
2015-08-01,organic_search,5,81302,2887,3.55
2015-08-01,paid_social,5,59242,3365,5.68
2015-08-01,referral,5,20662,16517,79.94
2015-08-01,referral,6,20662,16471,79.72
2015-08-01,organic_search,6,81302,2718,3.34
2015-08-01,paid_social,6,59242,3269,5.52
2015-08-01,paid_social,7,59242,3095,5.22
2015-08-01,organic_search,7,81302,2577,3.17
2015-08-01,referral,7,20662,16429,79.51
2015-08-01,referral,8,20662,16325,79.01
2015-08-01,organic_search,8,81302,2476,3.05
2015-08-01,paid_social,8,59242,2882,4.86
2015-08-01,paid_social,9,59242,2743,4.63
2015-08-01,organic_search,9,81302,2428,2.99
2015-08-01,referral,9,20662,16251,78.65
2015-08-01,organic_search,10,81302,2715,3.34
2015-08-01,paid_social,10,59242,2735,4.62
2015-08-01,referral,10,20662,16205,78.43
2015-08-01,paid_social,11,59242,3052,5.15
2015-08-01,organic_search,11,81302,3083,3.79
2015-08-01,referral,11,20662,16237,78.58
2015-08-01,organic_search,12,81302,3118,3.84
2015-08-01,paid_social,12,59242,3278,5.53
2015-08-01,referral,12,20662,16215,78.48
2015-08-01,paid_social,13,59242,3255,5.49
2015-08-01,organic_search,13,81302,3436,4.23
2015-08-01,referral,13,20662,16078,77.81
2015-08-01,organic_search,14,81302,3699,4.55
2015-08-01,paid_social,14,59242,3475,5.87
2015-08-01,referral,14,20662,16000,77.44
2015-08-01,referral,15,20662,15916,77.03
2015-08-01,paid_social,15,59242,3531,5.96
2015-08-01,organic_search,15,81302,4305,5.30
2015-08-01,paid_social,16,59242,2884,4.87
2015-08-01,organic_search,16,81302,2922,3.59
2015-08-01,referral,16,20662,15185,73.49
2015-08-01,referral,17,20662,15584,75.42
2015-08-01,organic_search,17,81302,2913,3.58
2015-08-01,paid_social,17,59242,2862,4.83
2015-08-01,organic_search,18,81302,2379,2.93
2015-08-01,paid_social,18,59242,2338,3.95
2015-08-01,referral,18,20662,14854,71.89
2015-09-01,organic_search,0,54105,2732,5.05
2015-09-01,paid_social,0,46390,7106,15.32
2015-09-01,referral,0,18146,18138,99.96
2015-09-01,app_store,0,475,1,0.21
2015-09-01,paid_social,1,46390,4131,8.90
2015-09-01,organic_search,1,54105,2723,5.03
2015-09-01,referral,1,18146,13453,74.14
2015-09-01,referral,2,18146,14359,79.13
2015-09-01,organic_search,2,54105,2536,4.69
2015-09-01,paid_social,2,46390,3975,8.57
2015-09-01,organic_search,3,54105,2534,4.68
2015-09-01,referral,3,18146,14199,78.25
2015-09-01,paid_social,3,46390,3848,8.29
2015-09-01,referral,4,18146,14109,77.75
2015-09-01,organic_search,4,54105,2256,4.17
2015-09-01,app_store,4,475,1,0.21
2015-09-01,paid_social,4,46390,3230,6.96
2015-09-01,paid_social,5,46390,2991,6.45
2015-09-01,organic_search,5,54105,2012,3.72
2015-09-01,referral,5,18146,14041,77.38
2015-09-01,referral,6,18146,14015,77.23
2015-09-01,organic_search,6,54105,1875,3.47
2015-09-01,paid_social,6,46390,2791,6.02
2015-09-01,paid_social,7,46390,2645,5.70
2015-09-01,organic_search,7,54105,1801,3.33
2015-09-01,referral,7,18146,13941,76.83
2015-09-01,paid_social,8,46390,2521,5.43
2015-09-01,referral,8,18146,13905,76.63
2015-09-01,organic_search,8,54105,1778,3.29
2015-09-01,referral,9,18146,13867,76.42
2015-09-01,app_store,9,475,1,0.21
2015-09-01,organic_search,9,54105,1900,3.51
2015-09-01,paid_social,9,46390,2459,5.30
2015-09-01,paid_social,10,46390,2798,6.03
2015-09-01,referral,10,18146,13880,76.49
2015-09-01,app_store,10,475,1,0.21
2015-09-01,organic_search,10,54105,2237,4.13
2015-09-01,referral,11,18146,13851,76.33
2015-09-01,paid_social,11,46390,2803,6.04
2015-09-01,organic_search,11,54105,2350,4.34
2015-09-01,app_store,11,475,2,0.42
2015-09-01,organic_search,12,54105,2442,4.51
2015-09-01,paid_social,12,46390,2840,6.12
2015-09-01,referral,12,18146,13815,76.13
2015-09-01,app_store,12,475,1,0.21
2015-09-01,referral,13,18146,13736,75.70
2015-09-01,organic_search,13,54105,2614,4.83
2015-09-01,paid_social,13,46390,2992,6.45
2015-09-01,app_store,13,475,2,0.42
2015-09-01,app_store,14,475,5,1.05
2015-09-01,referral,14,18146,13691,75.45
2015-09-01,organic_search,14,54105,3033,5.61
2015-09-01,paid_social,14,46390,3137,6.76
2015-09-01,referral,15,18146,12998,71.63
2015-09-01,app_store,15,475,1,0.21
2015-09-01,organic_search,15,54105,2089,3.86
2015-09-01,paid_social,15,46390,2587,5.58
2015-09-01,organic_search,16,54105,2024,3.74
2015-09-01,paid_social,16,46390,2593,5.59
2015-09-01,referral,16,18146,13442,74.08
2015-09-01,paid_social,17,46390,2096,4.52
2015-09-01,referral,17,18146,12746,70.24
2015-09-01,organic_search,17,54105,1644,3.04
2015-09-01,app_store,17,475,1,0.21
2015-10-01,paid_social,0,17398,3762,21.62
2015-10-01,organic_search,0,20779,1762,8.48
2015-10-01,app_store,0,172393,4240,2.46
2015-10-01,referral,0,25074,25029,99.82
2015-10-01,paid_social,1,17398,2320,13.33
2015-10-01,referral,1,25074,20822,83.04
2015-10-01,organic_search,1,20779,1380,6.64
2015-10-01,app_store,1,172393,3739,2.17
2015-10-01,paid_social,2,17398,2121,12.19
2015-10-01,app_store,2,172393,3491,2.03
2015-10-01,referral,2,25074,18530,73.90
2015-10-01,organic_search,2,20779,1347,6.48
2015-10-01,organic_search,3,20779,1185,5.70
2015-10-01,paid_social,3,17398,1846,10.61
2015-10-01,referral,3,25074,20434,81.49
2015-10-01,app_store,3,172393,3035,1.76
2015-10-01,app_store,4,172393,2726,1.58
2015-10-01,referral,4,25074,20281,80.88
2015-10-01,paid_social,4,17398,1617,9.29
2015-10-01,organic_search,4,20779,1038,5.00
2015-10-01,app_store,5,172393,2497,1.45
2015-10-01,paid_social,5,17398,1433,8.24
2015-10-01,organic_search,5,20779,943,4.54
2015-10-01,referral,5,25074,20216,80.63
2015-10-01,referral,6,25074,20116,80.23
2015-10-01,organic_search,6,20779,924,4.45
2015-10-01,paid_social,6,17398,1508,8.67
2015-10-01,app_store,6,172393,2343,1.36
2015-10-01,referral,7,25074,20083,80.09
2015-10-01,organic_search,7,20779,935,4.50
2015-10-01,paid_social,7,17398,1451,8.34
2015-10-01,app_store,7,172393,2468,1.43
2015-10-01,paid_social,8,17398,1379,7.93
2015-10-01,app_store,8,172393,2850,1.65
2015-10-01,organic_search,8,20779,998,4.80
2015-10-01,referral,8,25074,20063,80.02
2015-10-01,app_store,9,172393,3198,1.86
2015-10-01,organic_search,9,20779,1064,5.12
2015-10-01,referral,9,25074,20085,80.10
2015-10-01,paid_social,9,17398,1516,8.71
2015-10-01,organic_search,10,20779,1139,5.48
2015-10-01,app_store,10,172393,3375,1.96
2015-10-01,paid_social,10,17398,1563,8.98
2015-10-01,referral,10,25074,20000,79.76
2015-10-01,referral,11,25074,19930,79.48
2015-10-01,app_store,11,172393,3772,2.19
2015-10-01,organic_search,11,20779,1206,5.80
2015-10-01,paid_social,11,17398,1542,8.86
2015-10-01,paid_social,12,17398,1606,9.23
2015-10-01,referral,12,25074,19813,79.02
2015-10-01,app_store,12,172393,4354,2.53
2015-10-01,organic_search,12,20779,1292,6.22
2015-10-01,paid_social,13,17398,1629,9.36
2015-10-01,referral,13,25074,19612,78.22
2015-10-01,organic_search,13,20779,1431,6.89
2015-10-01,app_store,13,172393,5514,3.20
2015-10-01,referral,14,25074,18866,75.24
2015-10-01,app_store,14,172393,2601,1.51
2015-10-01,organic_search,14,20779,1047,5.04
2015-10-01,paid_social,14,17398,1415,8.13
2015-10-01,paid_social,15,17398,1429,8.21
2015-10-01,referral,15,25074,19179,76.49
2015-10-01,organic_search,15,20779,1010,4.86
2015-10-01,app_store,15,172393,2532,1.47
2015-10-01,referral,16,25074,18232,72.71
2015-10-01,app_store,16,172393,2072,1.20
2015-10-01,organic_search,16,20779,858,4.13
2015-10-01,paid_social,16,17398,1113,6.40
2015-11-01,paid_social,0,8785,3111,35.41
2015-11-01,organic_search,0,10617,1332,12.55
2015-11-01,referral,0,25281,25281,100.00
2015-11-01,app_store,0,200968,6297,3.13
2015-11-01,referral,1,25281,17686,69.96
2015-11-01,paid_social,1,8785,1912,21.76
2015-11-01,app_store,1,200968,4985,2.48
2015-11-01,organic_search,1,10617,1023,9.64
2015-11-01,referral,2,25281,18932,74.89
2015-11-01,paid_social,2,8785,1491,16.97
2015-11-01,organic_search,2,10617,833,7.85
2015-11-01,app_store,2,200968,4101,2.04
2015-11-01,app_store,3,200968,3563,1.77
2015-11-01,referral,3,25281,18041,71.36
2015-11-01,organic_search,3,10617,717,6.75
2015-11-01,paid_social,3,8785,1370,15.59
2015-11-01,organic_search,4,10617,644,6.07
2015-11-01,app_store,4,200968,3204,1.59
2015-11-01,paid_social,4,8785,1225,13.94
2015-11-01,referral,4,25281,18657,73.80
2015-11-01,paid_social,5,8785,1115,12.69
2015-11-01,app_store,5,200968,2970,1.48
2015-11-01,organic_search,5,10617,571,5.38
2015-11-01,referral,5,25281,18571,73.46
2015-11-01,paid_social,6,8785,1178,13.41
2015-11-01,app_store,6,200968,3077,1.53
2015-11-01,referral,6,25281,18533,73.31
2015-11-01,organic_search,6,10617,601,5.66
2015-11-01,organic_search,7,10617,597,5.62
2015-11-01,referral,7,25281,18488,73.13
2015-11-01,paid_social,7,8785,1104,12.57
2015-11-01,app_store,7,200968,3657,1.82
2015-11-01,paid_social,8,8785,1189,13.53
2015-11-01,app_store,8,200968,4124,2.05
2015-11-01,organic_search,8,10617,700,6.59
2015-11-01,referral,8,25281,18470,73.06
2015-11-01,organic_search,9,10617,749,7.05
2015-11-01,paid_social,9,8785,1180,13.43
2015-11-01,referral,9,25281,18460,73.02
2015-11-01,app_store,9,200968,4307,2.14
2015-11-01,referral,10,25281,18391,72.75
2015-11-01,app_store,10,200968,4854,2.42
2015-11-01,organic_search,10,10617,780,7.35
2015-11-01,paid_social,10,8785,1193,13.58
2015-11-01,referral,11,25281,18369,72.66
2015-11-01,organic_search,11,10617,840,7.91
2015-11-01,paid_social,11,8785,1173,13.35
2015-11-01,app_store,11,200968,5659,2.82
2015-11-01,app_store,12,200968,7100,3.53
2015-11-01,paid_social,12,8785,1158,13.18
2015-11-01,organic_search,12,10617,920,8.67
2015-11-01,referral,12,25281,18354,72.60
2015-11-01,referral,13,25281,17198,68.03
2015-11-01,app_store,13,200968,3297,1.64
2015-11-01,paid_social,13,8785,1072,12.20
2015-11-01,organic_search,13,10617,666,6.27
2015-11-01,organic_search,14,10617,672,6.33
2015-11-01,paid_social,14,8785,1048,11.93
2015-11-01,app_store,14,200968,3269,1.63
2015-11-01,referral,14,25281,17835,70.55
2015-11-01,app_store,15,200968,2584,1.29
2015-11-01,paid_social,15,8785,832,9.47
2015-11-01,organic_search,15,10617,541,5.10
2015-11-01,referral,15,25281,16958,67.08
2015-12-01,paid_social,0,9140,3585,39.22
2015-12-01,organic_search,0,7793,1384,17.76
2015-12-01,referral,0,20366,19947,97.94
2015-12-01,app_store,0,186765,7006,3.75
2015-12-01,app_store,1,186765,4560,2.44
2015-12-01,paid_social,1,9140,1653,18.09
2015-12-01,organic_search,1,7793,859,11.02
2015-12-01,referral,1,20366,15302,75.14
2015-12-01,paid_social,2,9140,1420,15.54
2015-12-01,referral,2,20366,13059,64.12
2015-12-01,organic_search,2,7793,735,9.43
2015-12-01,app_store,2,186765,3901,2.09
2015-12-01,referral,3,20366,13054,64.10
2015-12-01,app_store,3,186765,3328,1.78
2015-12-01,organic_search,3,7793,614,7.88
2015-12-01,paid_social,3,9140,1233,13.49
2015-12-01,referral,4,20366,13676,67.15
2015-12-01,app_store,4,186765,2997,1.60
2015-12-01,paid_social,4,9140,1081,11.83
2015-12-01,organic_search,4,7793,524,6.72
2015-12-01,organic_search,5,7793,493,6.33
2015-12-01,app_store,5,186765,2911,1.56
2015-12-01,referral,5,20366,14421,70.81
2015-12-01,paid_social,5,9140,1010,11.05
2015-12-01,paid_social,6,9140,1067,11.67
2015-12-01,organic_search,6,7793,529,6.79
2015-12-01,referral,6,20366,14467,71.04
2015-12-01,app_store,6,186765,3350,1.79
2015-12-01,referral,7,20366,14512,71.26
2015-12-01,app_store,7,186765,4043,2.16
2015-12-01,organic_search,7,7793,656,8.42
2015-12-01,paid_social,7,9140,1228,13.44
2015-12-01,organic_search,8,7793,660,8.47
2015-12-01,app_store,8,186765,4212,2.26
2015-12-01,paid_social,8,9140,1210,13.24
2015-12-01,referral,8,20366,14497,71.18
2015-12-01,referral,9,20366,14436,70.88
2015-12-01,organic_search,9,7793,660,8.47
2015-12-01,paid_social,9,9140,1209,13.23
2015-12-01,app_store,9,186765,4727,2.53
2015-12-01,paid_social,10,9140,1204,13.17
2015-12-01,referral,10,20366,14419,70.80
2015-12-01,organic_search,10,7793,689,8.84
2015-12-01,app_store,10,186765,5454,2.92
2015-12-01,organic_search,11,7793,757,9.71
2015-12-01,paid_social,11,9140,1203,13.16
2015-12-01,referral,11,20366,14404,70.73
2015-12-01,app_store,11,186765,6968,3.73
2015-12-01,app_store,12,186765,3113,1.67
2015-12-01,referral,12,20366,13604,66.80
2015-12-01,paid_social,12,9140,1061,11.61
2015-12-01,organic_search,12,7793,562,7.21
2015-12-01,app_store,13,186765,3025,1.62
2015-12-01,organic_search,13,7793,559,7.17
2015-12-01,paid_social,13,9140,1036,11.33
2015-12-01,referral,13,20366,13998,68.73
2015-12-01,organic_search,14,7793,450,5.77
2015-12-01,referral,14,20366,13460,66.09
2015-12-01,paid_social,14,9140,862,9.43
2015-12-01,app_store,14,186765,2394,1.28
2016-01-01,referral,0,26924,26889,99.87
2016-01-01,paid_social,0,8485,2774,32.69
2016-01-01,other,0,421,1,0.24
2016-01-01,organic_search,0,7559,1135,15.02
2016-01-01,app_store,0,209767,6008,2.86
2016-01-01,paid_social,1,8485,1506,17.75
2016-01-01,app_store,1,209767,4473,2.13
2016-01-01,referral,1,26924,21394,79.46
2016-01-01,organic_search,1,7559,809,10.70
2016-01-01,organic_search,2,7559,672,8.89
2016-01-01,referral,2,26924,21140,78.52
2016-01-01,paid_social,2,8485,1237,14.58
2016-01-01,app_store,2,209767,3654,1.74
2016-01-01,referral,3,26924,20876,77.54
2016-01-01,paid_social,3,8485,1137,13.40
2016-01-01,app_store,3,209767,3317,1.58
2016-01-01,organic_search,3,7559,606,8.02
2016-01-01,referral,4,26924,20653,76.71
2016-01-01,organic_search,4,7559,607,8.03
2016-01-01,paid_social,4,8485,1092,12.87
2016-01-01,app_store,4,209767,3215,1.53
2016-01-01,paid_social,5,8485,1005,11.84
2016-01-01,referral,5,26924,21059,78.22
2016-01-01,organic_search,5,7559,611,8.08
2016-01-01,app_store,5,209767,2936,1.40
2016-01-01,paid_social,6,8485,1273,15.00
2016-01-01,app_store,6,209767,4134,1.97
2016-01-01,organic_search,6,7559,687,9.09
2016-01-01,referral,6,26924,23555,87.49
2016-01-01,referral,7,26924,23397,86.90
2016-01-01,organic_search,7,7559,709,9.38
2016-01-01,app_store,7,209767,4918,2.34
2016-01-01,paid_social,7,8485,1261,14.86
2016-01-01,organic_search,8,7559,704,9.31
2016-01-01,referral,8,26924,23128,85.90
2016-01-01,app_store,8,209767,5303,2.53
2016-01-01,paid_social,8,8485,1222,14.40
2016-01-01,referral,9,26924,22839,84.83
2016-01-01,organic_search,9,7559,747,9.88
2016-01-01,paid_social,9,8485,1176,13.86
2016-01-01,app_store,9,209767,6423,3.06
2016-01-01,app_store,10,209767,8237,3.93
2016-01-01,organic_search,10,7559,830,10.98
2016-01-01,paid_social,10,8485,1137,13.40
2016-01-01,referral,10,26924,22601,83.94
2016-01-01,paid_social,11,8485,1049,12.36
2016-01-01,app_store,11,209767,3323,1.58
2016-01-01,referral,11,26924,21553,80.05
2016-01-01,organic_search,11,7559,608,8.04
2016-01-01,organic_search,12,7559,603,7.98
2016-01-01,paid_social,12,8485,1019,12.01
2016-01-01,app_store,12,209767,3291,1.57
2016-01-01,referral,12,26924,20571,76.40
2016-01-01,paid_social,13,8485,862,10.16
2016-01-01,app_store,13,209767,2678,1.28
2016-01-01,organic_search,13,7559,485,6.42
2016-01-01,referral,13,26924,18883,70.13
2016-02-01,app_store,0,171827,5706,3.32
2016-02-01,other,0,381,2,0.52
2016-02-01,paid_social,0,7219,2347,32.51
2016-02-01,referral,0,22134,21759,98.31
2016-02-01,organic_search,0,6609,1017,15.39
2016-02-01,paid_social,1,7219,1278,17.70
2016-02-01,app_store,1,171827,3914,2.28
2016-02-01,referral,1,22134,18734,84.64
2016-02-01,organic_search,1,6609,659,9.97
2016-02-01,app_store,2,171827,3193,1.86
2016-02-01,paid_social,2,7219,1062,14.71
2016-02-01,organic_search,2,6609,530,8.02
2016-02-01,referral,2,22134,18497,83.57
2016-02-01,organic_search,3,6609,527,7.97
2016-02-01,app_store,3,171827,3088,1.80
2016-02-01,paid_social,3,7219,979,13.56
2016-02-01,referral,3,22134,18301,82.68
2016-02-01,referral,4,22134,18158,82.04
2016-02-01,app_store,4,171827,2932,1.71
2016-02-01,organic_search,4,6609,509,7.70
2016-02-01,paid_social,4,7219,932,12.91
2016-02-01,paid_social,5,7219,1091,15.11
2016-02-01,referral,5,22134,19420,87.74
2016-02-01,app_store,5,171827,3818,2.22
2016-02-01,organic_search,5,6609,579,8.76
2016-02-01,referral,6,22134,19270,87.06
2016-02-01,app_store,6,171827,4389,2.55
2016-02-01,organic_search,6,6609,626,9.47
2016-02-01,paid_social,6,7219,1145,15.86
2016-02-01,organic_search,7,6609,650,9.84
2016-02-01,paid_social,7,7219,1152,15.96
2016-02-01,referral,7,22134,19064,86.13
2016-02-01,app_store,7,171827,5078,2.96
2016-02-01,referral,8,22134,18829,85.07
2016-02-01,app_store,8,171827,6123,3.56
2016-02-01,paid_social,8,7219,1110,15.38
2016-02-01,organic_search,8,6609,677,10.24
2016-02-01,organic_search,9,6609,723,10.94
2016-02-01,paid_social,9,7219,1092,15.13
2016-02-01,referral,9,22134,18650,84.26
2016-02-01,app_store,9,171827,8200,4.77
2016-02-01,paid_social,10,7219,992,13.74
2016-02-01,app_store,10,171827,3035,1.77
2016-02-01,referral,10,22134,17485,79.00
2016-02-01,organic_search,10,6609,554,8.38
2016-02-01,paid_social,11,7219,948,13.13
2016-02-01,app_store,11,171827,3036,1.77
2016-02-01,organic_search,11,6609,537,8.13
2016-02-01,referral,11,22134,18142,81.96
2016-02-01,organic_search,12,6609,445,6.73
2016-02-01,referral,12,22134,16404,74.11
2016-02-01,paid_social,12,7219,796,11.03
2016-02-01,app_store,12,171827,2461,1.43
2016-03-01,paid_social,0,8014,2328,29.05
2016-03-01,referral,0,18172,17593,96.81
2016-03-01,other,0,625,6,0.96
2016-03-01,organic_search,0,6117,925,15.12
2016-03-01,app_store,0,162690,4678,2.88
2016-03-01,paid_social,1,8014,1203,15.01
2016-03-01,app_store,1,162690,3266,2.01
2016-03-01,referral,1,18172,14137,77.80
2016-03-01,organic_search,1,6117,613,10.02
2016-03-01,paid_social,2,8014,1095,13.66
2016-03-01,organic_search,2,6117,576,9.42
2016-03-01,app_store,2,162690,3090,1.90
2016-03-01,referral,2,18172,13923,76.62
2016-03-01,organic_search,3,6117,554,9.06
2016-03-01,app_store,3,162690,2877,1.77
2016-03-01,paid_social,3,8014,1064,13.28
2016-03-01,referral,3,18172,13788,75.87
2016-03-01,app_store,4,162690,3678,2.26
2016-03-01,paid_social,4,8014,1138,14.20
2016-03-01,referral,4,18172,15773,86.80
2016-03-01,organic_search,4,6117,611,9.99
2016-03-01,paid_social,5,8014,1180,14.72
2016-03-01,app_store,5,162690,4439,2.73
2016-03-01,organic_search,5,6117,644,10.53
2016-03-01,referral,5,18172,15643,86.08
2016-03-01,organic_search,6,6117,695,11.36
2016-03-01,app_store,6,162690,5221,3.21
2016-03-01,paid_social,6,8014,1208,15.07
2016-03-01,referral,6,18172,15464,85.10
2016-03-01,app_store,7,162690,6384,3.92
2016-03-01,referral,7,18172,15255,83.95
2016-03-01,organic_search,7,6117,720,11.77
2016-03-01,paid_social,7,8014,1193,14.89
2016-03-01,paid_social,8,8014,1159,14.46
2016-03-01,referral,8,18172,15088,83.03
2016-03-01,organic_search,8,6117,782,12.78
2016-03-01,app_store,8,162690,8446,5.19
2016-03-01,referral,9,18172,14272,78.54
2016-03-01,paid_social,9,8014,1002,12.50
2016-03-01,organic_search,9,6117,601,9.83
2016-03-01,app_store,9,162690,3063,1.88
2016-03-01,organic_search,10,6117,572,9.35
2016-03-01,paid_social,10,8014,988,12.33
2016-03-01,app_store,10,162690,3005,1.85
2016-03-01,referral,10,18172,14610,80.40
2016-03-01,paid_social,11,8014,800,9.98
2016-03-01,app_store,11,162690,2414,1.48
2016-03-01,organic_search,11,6117,494,8.08
2016-03-01,referral,11,18172,13916,76.58
2016-04-01,paid_social,0,8509,2290,26.91
2016-04-01,referral,0,8093,7773,96.05
2016-04-01,app_store,0,155679,3640,2.34
2016-04-01,organic_search,0,5415,690,12.74
2016-04-01,organic_search,1,5415,508,9.38
2016-04-01,paid_social,1,8509,1228,14.43
2016-04-01,referral,1,8093,5437,67.18
2016-04-01,app_store,1,155679,3026,1.94
2016-04-01,paid_social,2,8509,1040,12.22
2016-04-01,referral,2,8093,5334,65.91
2016-04-01,organic_search,2,5415,442,8.16
2016-04-01,app_store,2,155679,2596,1.67
2016-04-01,paid_social,3,8509,1315,15.45
2016-04-01,app_store,3,155679,2914,1.87
2016-04-01,referral,3,8093,6235,77.04
2016-04-01,organic_search,3,5415,497,9.18
2016-04-01,referral,4,8093,6198,76.58
2016-04-01,paid_social,4,8509,1359,15.97
2016-04-01,organic_search,4,5415,539,9.95
2016-04-01,app_store,4,155679,4213,2.71
2016-04-01,referral,5,8093,6157,76.08
2016-04-01,app_store,5,155679,4948,3.18
2016-04-01,organic_search,5,5415,523,9.66
2016-04-01,paid_social,5,8509,1300,15.28
2016-04-01,paid_social,6,8509,1286,15.11
2016-04-01,referral,6,8093,6111,75.51
2016-04-01,app_store,6,155679,6201,3.98
2016-04-01,organic_search,6,5415,605,11.17
2016-04-01,organic_search,7,5415,651,12.02
2016-04-01,paid_social,7,8509,1295,15.22
2016-04-01,referral,7,8093,6094,75.30
2016-04-01,app_store,7,155679,8394,5.39
2016-04-01,app_store,8,155679,2788,1.79
2016-04-01,referral,8,8093,5852,72.31
2016-04-01,paid_social,8,8509,1156,13.59
2016-04-01,organic_search,8,5415,474,8.75
2016-04-01,paid_social,9,8509,1106,13.00
2016-04-01,organic_search,9,5415,471,8.70
2016-04-01,app_store,9,155679,2776,1.78
2016-04-01,referral,9,8093,5948,73.50
2016-04-01,organic_search,10,5415,385,7.11
2016-04-01,referral,10,8093,5800,71.67
2016-04-01,paid_social,10,8509,928,10.91
2016-04-01,app_store,10,155679,2232,1.43
2016-05-01,app_store,0,159138,3819,2.40
2016-05-01,organic_search,0,4873,612,12.56
2016-05-01,paid_social,0,8150,2514,30.85
2016-05-01,referral,0,11645,11262,96.71
2016-05-01,organic_search,1,4873,438,8.99
2016-05-01,app_store,1,159138,3000,1.89
2016-05-01,referral,1,11645,9148,78.56
2016-05-01,paid_social,1,8150,1206,14.80
2016-05-01,organic_search,2,4873,414,8.50
2016-05-01,app_store,2,159138,2909,1.83
2016-05-01,paid_social,2,8150,1219,14.96
2016-05-01,referral,2,11645,10346,88.84
2016-05-01,app_store,3,159138,4382,2.75
2016-05-01,organic_search,3,4873,472,9.69
2016-05-01,paid_social,3,8150,1447,17.75
2016-05-01,referral,3,11645,10275,88.24
2016-05-01,paid_social,4,8150,1396,17.13
2016-05-01,organic_search,4,4873,489,10.03
2016-05-01,referral,4,11645,10194,87.54
2016-05-01,app_store,4,159138,5196,3.27
2016-05-01,paid_social,5,8150,1368,16.79
2016-05-01,organic_search,5,4873,537,11.02
2016-05-01,app_store,5,159138,6665,4.19
2016-05-01,referral,5,11645,10138,87.06
2016-05-01,organic_search,6,4873,588,12.07
2016-05-01,paid_social,6,8150,1320,16.20
2016-05-01,referral,6,11645,10097,86.71
2016-05-01,app_store,6,159138,9244,5.81
2016-05-01,app_store,7,159138,2863,1.80
2016-05-01,referral,7,11645,9696,83.26
2016-05-01,organic_search,7,4873,417,8.56
2016-05-01,paid_social,7,8150,1218,14.94
2016-05-01,referral,8,11645,9937,85.33
2016-05-01,app_store,8,159138,2829,1.78
2016-05-01,paid_social,8,8150,1159,14.22
2016-05-01,organic_search,8,4873,427,8.76
2016-05-01,paid_social,9,8150,983,12.06
2016-05-01,app_store,9,159138,2369,1.49
2016-05-01,referral,9,11645,9530,81.84
2016-05-01,organic_search,9,4873,356,7.31
2016-06-01,app_store,0,161680,3943,2.44
2016-06-01,organic_search,0,6456,706,10.94
2016-06-01,paid_social,0,7353,2232,30.35
2016-06-01,referral,0,13294,12864,96.77
2016-06-01,referral,1,13294,12351,92.91
2016-06-01,app_store,1,161680,3414,2.11
2016-06-01,organic_search,1,6456,567,8.78
2016-06-01,paid_social,1,7353,1255,17.07
2016-06-01,organic_search,2,6456,558,8.64
2016-06-01,referral,2,13294,12261,92.23
2016-06-01,paid_social,2,7353,1161,15.79
2016-06-01,app_store,2,161680,4327,2.68
2016-06-01,app_store,3,161680,4835,2.99
2016-06-01,organic_search,3,6456,559,8.66
2016-06-01,paid_social,3,7353,1308,17.79
2016-06-01,referral,3,13294,12171,91.55
2016-06-01,paid_social,4,7353,1302,17.71
2016-06-01,organic_search,4,6456,685,10.61
2016-06-01,app_store,4,161680,7173,4.44
2016-06-01,referral,4,13294,12126,91.21
2016-06-01,referral,5,13294,12093,90.97
2016-06-01,app_store,5,161680,10103,6.25
2016-06-01,paid_social,5,7353,1231,16.74
2016-06-01,organic_search,5,6456,730,11.31
2016-06-01,paid_social,6,7353,1133,15.41
2016-06-01,organic_search,6,6456,492,7.62
2016-06-01,referral,6,13294,11640,87.56
2016-06-01,app_store,6,161680,2948,1.82
2016-06-01,organic_search,7,6456,497,7.70
2016-06-01,referral,7,13294,11951,89.90
2016-06-01,paid_social,7,7353,1071,14.57
2016-06-01,app_store,7,161680,2944,1.82
2016-06-01,app_store,8,161680,2435,1.51
2016-06-01,referral,8,13294,11552,86.90
2016-06-01,paid_social,8,7353,909,12.36
2016-06-01,organic_search,8,6456,418,6.47
2016-07-01,app_store,0,156028,3834,2.46
2016-07-01,organic_search,0,8606,835,9.70
2016-07-01,paid_social,0,8098,2841,35.08
2016-07-01,referral,0,16004,15983,99.87
2016-07-01,referral,1,16004,15383,96.12
2016-07-01,organic_search,1,8606,731,8.49
2016-07-01,app_store,1,156028,3317,2.13
2016-07-01,paid_social,1,8098,1770,21.86
2016-07-01,app_store,2,156028,3033,1.94
2016-07-01,referral,2,16004,15283,95.49
2016-07-01,organic_search,2,8606,671,7.80
2016-07-01,paid_social,2,8098,1681,20.76
2016-07-01,app_store,3,156028,7550,4.84
2016-07-01,organic_search,3,8606,871,10.12
2016-07-01,paid_social,3,8098,1857,22.93
2016-07-01,referral,3,16004,15198,94.96
2016-07-01,referral,4,16004,15113,94.43
2016-07-01,paid_social,4,8098,1827,22.56
2016-07-01,organic_search,4,8606,1029,11.96
2016-07-01,app_store,4,156028,10385,6.66
2016-07-01,referral,5,16004,14451,90.30
2016-07-01,paid_social,5,8098,1619,19.99
2016-07-01,organic_search,5,8606,631,7.33
2016-07-01,app_store,5,156028,2967,1.90
2016-07-01,referral,6,16004,14895,93.07
2016-07-01,app_store,6,156028,2914,1.87
2016-07-01,paid_social,6,8098,1535,18.96
2016-07-01,organic_search,6,8606,644,7.48
2016-07-01,organic_search,7,8606,530,6.16
2016-07-01,paid_social,7,8098,1333,16.46
2016-07-01,referral,7,16004,14267,89.15
2016-07-01,app_store,7,156028,2486,1.59
2016-08-01,organic_search,0,8221,887,10.79
2016-08-01,app_store,0,146402,3820,2.61
2016-08-01,referral,0,14111,14109,99.99
2016-08-01,direct,0,131,131,100.00
2016-08-01,paid_social,0,7277,2720,37.38
2016-08-01,organic_search,1,8221,689,8.38
2016-08-01,direct,1,131,59,45.04
2016-08-01,paid_social,1,7277,1704,23.42
2016-08-01,app_store,1,146402,3250,2.22
2016-08-01,referral,1,14111,13705,97.12
2016-08-01,referral,2,14111,13563,96.12
2016-08-01,direct,2,131,101,77.10
2016-08-01,app_store,2,146402,7842,5.36
2016-08-01,organic_search,2,8221,871,10.59
2016-08-01,paid_social,2,7277,1717,23.59
2016-08-01,organic_search,3,8221,978,11.90
2016-08-01,app_store,3,146402,10786,7.37
2016-08-01,direct,3,131,97,74.05
2016-08-01,paid_social,3,7277,1855,25.49
2016-08-01,referral,3,14111,13461,95.39
2016-08-01,app_store,4,146402,3009,2.06
2016-08-01,referral,4,14111,12755,90.39
2016-08-01,organic_search,4,8221,614,7.47
2016-08-01,paid_social,4,7277,1681,23.10
2016-08-01,direct,4,131,91,69.47
2016-08-01,app_store,5,146402,2921,2.00
2016-08-01,referral,5,14111,13282,94.13
2016-08-01,paid_social,5,7277,1601,22.00
2016-08-01,direct,5,131,90,68.70
2016-08-01,organic_search,5,8221,606,7.37
2016-08-01,paid_social,6,7277,1369,18.81
2016-08-01,direct,6,131,87,66.41
2016-08-01,organic_search,6,8221,521,6.34
2016-08-01,app_store,6,146402,2424,1.66
2016-08-01,referral,6,14111,12703,90.02
2016-09-01,organic_search,0,7332,812,11.07
2016-09-01,direct,0,649,649,100.00
2016-09-01,paid_social,0,6806,1988,29.21
2016-09-01,referral,0,7974,7950,99.70
2016-09-01,app_store,0,139149,3720,2.67
2016-09-01,app_store,1,139149,8866,6.37
2016-09-01,paid_social,1,6806,1283,18.85
2016-09-01,referral,1,7974,7750,97.19
2016-09-01,direct,1,649,543,83.67
2016-09-01,organic_search,1,7332,871,11.88
2016-09-01,direct,2,649,552,85.05
2016-09-01,referral,2,7974,7678,96.29
2016-09-01,paid_social,2,6806,1078,15.84
2016-09-01,organic_search,2,7332,875,11.93
2016-09-01,app_store,2,139149,9623,6.92
2016-09-01,paid_social,3,6806,1139,16.74
2016-09-01,app_store,3,139149,2962,2.13
2016-09-01,direct,3,649,533,82.13
2016-09-01,organic_search,3,7332,588,8.02
2016-09-01,referral,3,7974,7367,92.39
2016-09-01,paid_social,4,6806,1070,15.72
2016-09-01,app_store,4,139149,2879,2.07
2016-09-01,organic_search,4,7332,583,7.95
2016-09-01,referral,4,7974,7550,94.68
2016-09-01,direct,4,649,510,78.58
2016-09-01,organic_search,5,7332,464,6.33
2016-09-01,direct,5,649,495,76.27
2016-09-01,paid_social,5,6806,906,13.31
2016-09-01,app_store,5,139149,2417,1.74
2016-09-01,referral,5,7974,7300,91.55
2016-10-01,paid_social,0,6350,1464,23.06
2016-10-01,app_store,0,144700,3726,2.57
2016-10-01,referral,0,9099,9098,99.99
2016-10-01,direct,0,667,667,100.00
2016-10-01,organic_search,0,7749,889,11.47
2016-10-01,paid_social,1,6350,1001,15.76
2016-10-01,organic_search,1,7749,748,9.65
2016-10-01,direct,1,667,522,78.26
2016-10-01,referral,1,9099,8928,98.12
2016-10-01,app_store,1,144700,3341,2.31
2016-10-01,organic_search,2,7749,674,8.70
2016-10-01,app_store,2,144700,3291,2.27
2016-10-01,direct,2,667,556,83.36
2016-10-01,paid_social,2,6350,943,14.85
2016-10-01,referral,2,9099,8542,93.88
2016-10-01,referral,3,9099,8801,96.72
2016-10-01,app_store,3,144700,3147,2.17
2016-10-01,paid_social,3,6350,886,13.95
2016-10-01,organic_search,3,7749,688,8.88
2016-10-01,direct,3,667,535,80.21
2016-10-01,organic_search,4,7749,586,7.56
2016-10-01,paid_social,4,6350,707,11.13
2016-10-01,app_store,4,144700,2662,1.84
2016-10-01,referral,4,9099,8605,94.57
2016-10-01,direct,4,667,519,77.81
2016-11-01,app_store,0,139012,4189,3.01
2016-11-01,paid_social,0,6160,1138,18.47
2016-11-01,organic_search,0,7621,632,8.29
2016-11-01,referral,0,10124,10124,100.00
2016-11-01,direct,0,825,825,100.00
2016-11-01,referral,1,10124,9619,95.01
2016-11-01,app_store,1,139012,3311,2.38
2016-11-01,direct,1,825,670,81.21
2016-11-01,organic_search,1,7621,636,8.35
2016-11-01,paid_social,1,6160,910,14.77
2016-11-01,direct,2,825,690,83.64
2016-11-01,organic_search,2,7621,600,7.87
2016-11-01,paid_social,2,6160,749,12.16
2016-11-01,app_store,2,139012,3092,2.22
2016-11-01,referral,2,10124,9944,98.22
2016-11-01,paid_social,3,6160,621,10.08
2016-11-01,app_store,3,139012,2572,1.85
2016-11-01,referral,3,10124,9542,94.25
2016-11-01,organic_search,3,7621,519,6.81
2016-11-01,direct,3,825,672,81.45
2016-12-01,app_store,0,143933,3454,2.40
2016-12-01,organic_search,0,8233,826,10.03
2016-12-01,direct,0,644,644,100.00
2016-12-01,referral,0,11314,11313,99.99
2016-12-01,paid_social,0,8379,2921,34.86
2016-12-01,referral,1,11314,11184,98.85
2016-12-01,app_store,1,143933,3248,2.26
2016-12-01,direct,1,644,502,77.95
2016-12-01,organic_search,1,8233,688,8.36
2016-12-01,paid_social,1,8379,903,10.78
2016-12-01,referral,2,11314,10788,95.35
2016-12-01,paid_social,2,8379,689,8.22
2016-12-01,direct,2,644,533,82.76
2016-12-01,app_store,2,143933,2595,1.80
2016-12-01,organic_search,2,8233,530,6.44
2017-01-01,direct,0,689,689,100.00
2017-01-01,paid_social,0,7678,1992,25.94
2017-01-01,app_store,0,136887,3777,2.76
2017-01-01,referral,0,10271,10271,100.00
2017-01-01,organic_search,0,7370,776,10.53
2017-01-01,paid_social,1,7678,699,9.10
2017-01-01,app_store,1,136887,2880,2.10
2017-01-01,direct,1,689,530,76.92
2017-01-01,organic_search,1,7370,546,7.41
2017-01-01,referral,1,10271,9790,95.32
2017-02-01,app_store,0,137522,2893,2.10
2017-02-01,direct,0,605,605,100.00
2017-02-01,organic_search,0,7039,614,8.72
2017-02-01,paid_social,0,5590,1215,21.74
2017-02-01,referral,0,12530,12529,99.99
